seq,rei_id,risk_id,cause_id,acause,study_id,bundle_id,bundle_version_id,risk_type,risk_unit,ln_rr,ln_rr_se,ref_risk_lower,ref_risk_upper,alt_risk_lower,alt_risk_upper,cov_incidence,cov_age
1,102,drugs_alcohol,423,neo_larynx,296167,9023,0,continuous,gday,1.41098697371026,0.537212958864284,0,10,130,195,0,0
2,102,drugs_alcohol,423,neo_larynx,296167,9023,0,continuous,gday,1.50407739677627,0.410570896029107,0,10,90,120,0,0
3,102,drugs_alcohol,423,neo_larynx,296189,9023,0,continuous,gday,-0.132160903602339,0.377990876759334,0,8,8,16,0,1
4,102,drugs_alcohol,423,neo_larynx,309643,9023,0,continuous,gday,0.610091605422619,0.286027614476319,0,0,0.466666666666667,0.933333333333333,0,1
5,102,drugs_alcohol,423,neo_larynx,296167,9023,0,continuous,gday,1.1314021114911,0.304116925173197,0,10,50,80,0,0
6,102,drugs_alcohol,423,neo_larynx,309641,9023,0,continuous,gday,-0.212822002242338,0.589360443554423,0,8,10,28,0,1
7,102,drugs_alcohol,423,neo_larynx,309643,9023,0,continuous,gday,0.893472361793475,0.237567296697554,0,0,0.466666666666667,14,0,1
8,102,drugs_alcohol,423,neo_larynx,309643,9023,0,continuous,gday,1.26211906341939,0.228071211538017,0,0,14.4666666666667,21.7,0,1
9,102,drugs_alcohol,423,neo_larynx,298505,9023,0,continuous,gday,-0.22314355131421,0.495839171761962,0,0,11.4285714285714,40,0,1
10,102,drugs_alcohol,423,neo_larynx,298147,9023,0,continuous,gday,-0.22314355131421,0.36911198544294,0,0,0.142857142857143,20.5714285714286,0,0
11,102,drugs_alcohol,423,neo_larynx,309644,9023,0,continuous,gday,0.61901613121687,0.594217784353891,0,0,6.85714285714286,10.2857142857143,0,1
12,102,drugs_alcohol,423,neo_larynx,309645,9023,0,continuous,gday,0.715642258387316,0.584822764085974,0,14,14,28,0,1
13,102,drugs_alcohol,423,neo_larynx,309641,9023,0,continuous,gday,0.374937169739206,0.408869242305233,0,8,30,45,0,1
14,102,drugs_alcohol,423,neo_larynx,309653,9023,0,continuous,gday,0.451075619360217,0.332578512783321,0,0,30,45,0,0
15,102,drugs_alcohol,423,neo_larynx,296189,9023,0,continuous,gday,0.149798365088395,0.413409266367983,0,8,8,16,0,1
16,102,drugs_alcohol,423,neo_larynx,296167,9023,0,continuous,gday,1.06471073699243,0.475710358225241,0,10,130,195,0,0
17,102,drugs_alcohol,423,neo_larynx,309653,9023,0,continuous,gday,-0.0408219945202552,0.330985496789101,0,0,15,29.9,0,0
18,102,drugs_alcohol,423,neo_larynx,296167,9023,0,continuous,gday,1.1314021114911,0.429475990966281,0,10,90,120,0,0
19,102,drugs_alcohol,423,neo_larynx,296167,9023,0,continuous,gday,0.405465108108164,0.176823260346925,0,10,30,40,0,0
20,102,drugs_alcohol,423,neo_larynx,309645,9023,0,continuous,gday,1.33181177582014,0.555589079031913,0,14,42,84,0,1
21,102,drugs_alcohol,423,neo_larynx,309644,9023,0,continuous,gday,0.297434363894459,0.499520750320261,0,0,1.14285714285714,5.71428571428571,0,1
22,102,drugs_alcohol,423,neo_larynx,298138,9023,0,continuous,gday,0.993251773010283,0.966799839656617,0,0,30,42.8571428571429,0,0
23,102,drugs_alcohol,423,neo_larynx,296189,9023,0,continuous,gday,1.02528862424927,0.428798029894795,0,8,24,48,0,1
24,102,drugs_alcohol,423,neo_larynx,298505,9023,0,continuous,gday,0.639060514656179,0.55011442542751,0,0,41.4285714285714,62.1428571428571,0,1
25,102,drugs_alcohol,423,neo_larynx,296167,9023,0,continuous,gday,0.53062825106217,0.229066732960704,0,10,30,40,0,0
26,102,drugs_alcohol,423,neo_larynx,296167,9023,0,continuous,gday,1.88706964903238,0.509718342404562,0,10,130,195,0,0
27,102,drugs_alcohol,423,neo_larynx,309645,9023,0,continuous,gday,2.20727391318922,0.739980053465489,0,14,98,147,0,1
28,102,drugs_alcohol,423,neo_larynx,298505,9023,0,continuous,gday,-0.287682072451781,0.512639694809453,0,0,1.42857142857143,10,0,1
29,102,drugs_alcohol,423,neo_larynx,296167,9023,0,continuous,gday,0.405465108108164,0.103434976558205,0,10,10,20,0,0
30,102,drugs_alcohol,423,neo_larynx,298137,9023,0,continuous,gday,0.470003629245736,0.253380554339358,0,25,50,75,0,0
31,102,drugs_alcohol,423,neo_larynx,296167,9023,0,continuous,gday,0.641853886172395,0.272408323979938,0,10,50,80,0,0
32,102,drugs_alcohol,423,neo_larynx,296167,9023,0,continuous,gday,0.832909122935104,0.325585067833052,0,10,50,80,0,0
33,102,drugs_alcohol,423,neo_larynx,298138,9023,0,continuous,gday,-0.693147180559945,0.884116301734624,0,0,20,29.2857142857143,0,0
34,102,drugs_alcohol,423,neo_larynx,298138,9023,0,continuous,gday,-2.30258509299405,0.587394156376032,0,0,1.42857142857143,7.85714285714286,0,0
35,102,drugs_alcohol,423,neo_larynx,298139,9023,0,continuous,gday,1.56861591791385,0.165649121913661,0,9.28,64.96,97.44,0,0
36,102,drugs_alcohol,423,neo_larynx,298139,9023,0,continuous,gday,1.1314021114911,0.200030346623896,0,9.28,37.12,64.032,0,0
37,102,drugs_alcohol,423,neo_larynx,296167,9023,0,continuous,gday,0.832909122935104,0.375843300538143,0,10,90,120,0,0
38,102,drugs_alcohol,423,neo_larynx,298137,9023,0,continuous,gday,1.09861228866811,0.332895082057637,0,25,150,225,0,0
39,102,drugs_alcohol,423,neo_larynx,298137,9023,0,continuous,gday,0.78845736036427,0.347781847677345,0,25,100,150,0,0
40,102,drugs_alcohol,423,neo_larynx,296164,9023,0,continuous,gday,0.756121979721334,0.326642268023364,0,20,80,120,0,0
41,102,drugs_alcohol,423,neo_larynx,298147,9023,0,continuous,gday,0,0.35364652069385,0,0,20.5714285714286,40.5714285714286,0,0
42,102,drugs_alcohol,423,neo_larynx,298137,9023,0,continuous,gday,0.262364264467491,0.246194106133568,0,25,25,50,0,0
43,102,drugs_alcohol,423,neo_larynx,298138,9023,0,continuous,gday,0.470003629245736,0.88937632398022,0,0,43.5714285714286,65.3571428571429,0,0
44,102,drugs_alcohol,423,neo_larynx,298150,9023,0,continuous,gday,0.741937344729377,0.490258315682718,0,0,0.79,79,0,0
45,102,drugs_alcohol,423,neo_larynx,296189,9023,0,continuous,gday,0.609765571620894,0.40569146698855,0,8,24,48,0,1
46,102,drugs_alcohol,423,neo_larynx,296164,9023,0,continuous,gday,0.343589704390077,0.301179959267588,0,20,20,40,0,0
47,102,drugs_alcohol,423,neo_larynx,298141,9023,0,continuous,gday,-1.47797114969179,0.68378182663936,0,0,100,150,0,1
48,102,drugs_alcohol,423,neo_larynx,296167,9023,0,continuous,gday,0.741937344729377,0.210887391118487,0,10,30,40,0,0
49,102,drugs_alcohol,423,neo_larynx,296167,9023,0,continuous,gday,0.182321556793955,0.103434976558205,0,10,10,20,0,0
50,102,drugs_alcohol,423,neo_larynx,296189,9023,0,continuous,gday,0.966451385065771,0.41871291078907,0,8,56,84,0,1
51,102,drugs_alcohol,423,neo_larynx,296167,9023,0,continuous,gday,0.262364264467491,0.0955850636330129,0,10,10,20,0,0
52,102,drugs_alcohol,423,neo_larynx,298147,9023,0,continuous,gday,-0.22314355131421,0.35364652069385,0,0,68.5714285714286,102.857142857143,0,0
53,102,drugs_alcohol,423,neo_larynx,298137,9023,0,continuous,gday,0.470003629245736,0.298487564451596,0,25,75,100,0,0
54,102,drugs_alcohol,423,neo_larynx,309653,9023,0,continuous,gday,-0.328504066972036,0.364351673525235,0,0,1,4.9,0,0
55,102,drugs_alcohol,423,neo_larynx,298146,9023,0,continuous,gday,1.02961941718116,0.317141203438576,0,23.384,70.31,162.74,0,1
56,102,drugs_alcohol,423,neo_larynx,298145,9023,0,continuous,gday,1.26694760348732,0.68878756332638,0,11.4285714285714,85.7142857142857,128.571428571429,0,0
57,102,drugs_alcohol,423,neo_larynx,298145,9023,0,continuous,gday,0.570979546585738,0.685599918253538,0,11.4285714285714,43,85.7142857142857,0,0
58,102,drugs_alcohol,423,neo_larynx,298141,9023,0,continuous,gday,-0.595657559282688,0.645581885559716,0,0,50,100,0,1
59,102,drugs_alcohol,423,neo_larynx,298139,9023,0,continuous,gday,0.693147180559945,0.185775127645718,0,9.28,9.28,36.192,0,0
60,102,drugs_alcohol,423,neo_larynx,296189,9023,0,continuous,gday,1.99036439609511,0.417537535340047,0,8,56,84,0,1
61,102,drugs_alcohol,423,neo_larynx,298150,9023,0,continuous,gday,2.04122032885964,0.480103659968325,0,0,79.79,158,0,0
62,102,drugs_alcohol,423,neo_larynx,298147,9023,0,continuous,gday,-0.105360515657826,0.340561496615393,0,0,40.7142857142857,68.4285714285714,0,0
63,102,drugs_alcohol,423,neo_larynx,298141,9023,0,continuous,gday,-2.56655063882851,0.633425512594577,0,0,1,50,0,1
64,102,drugs_alcohol,423,neo_larynx,298146,9023,0,continuous,gday,1.56861591791385,0.337861978929031,0,23.384,163.53,245.295,0,1
65,102,drugs_alcohol,423,neo_larynx,309653,9023,0,continuous,gday,-0.328504066972036,0.339470538256398,0,0,5,14.9,0,0
66,102,drugs_alcohol,423,neo_larynx,298150,9023,0,continuous,gday,2.23001440015921,0.500536947697779,0,0,158.79,238.185,0,0
67,102,drugs_alcohol,423,neo_larynx,298145,9023,0,continuous,gday,0.285178942233662,0.701602797123848,0,11.4285714285714,11.5714285714286,42.8571428571429,0,0
68,102,drugs_alcohol,423,neo_larynx,296164,9023,0,continuous,gday,1.06125650212434,0.255263234772425,0,20,40,80,0,0
69,102,drugs_alcohol,423,neo_larynx,298146,9023,0,continuous,gday,0.0953101798043249,0.342789476199259,0,23.384,23.463,70.231,0,1
70,102,drugs_alcohol,423,neo_larynx,446817,9023,0,continuous,gday,-0.415515443961666,0.293687760753452,0,0,0.36,22.8,0,0
71,102,drugs_alcohol,423,neo_larynx,446817,9023,0,continuous,gday,0.131028262406404,0.289255211098359,0,0,24,58.8,0,0
72,102,drugs_alcohol,423,neo_larynx,446817,9023,0,continuous,gday,0.924258901523332,0.293103616023909,0,0,60,94.8,0,0
73,102,drugs_alcohol,423,neo_larynx,446817,9023,0,continuous,gday,1.13783300182139,0.312808404533882,0,0,96,142.8,0,0
74,102,drugs_alcohol,423,neo_larynx,446817,9023,0,continuous,gday,1.43270073393405,0.333251840466703,0,0,144,216,0,0
75,102,drugs_alcohol,423,neo_larynx,446843,9023,0,continuous,gday,0.412308306590159,0.197288216599184,0,0,25,75,0,0
76,102,drugs_alcohol,423,neo_larynx,446843,9023,0,continuous,gday,1.2947271675944,0.209310325860739,0,0,76,114,0,0
77,102,drugs_alcohol,423,neo_larynx,364113,9023,0,continuous,gday,0.048790164169432,0.142759129575363,0.1,9,10,29,0,0
78,102,drugs_alcohol,423,neo_larynx,364113,9023,0,continuous,gday,0.0769610411361284,0.210887391118487,0.1,9,30,49,0,0
79,102,drugs_alcohol,423,neo_larynx,364113,9023,0,continuous,gday,0.494696241836107,0.243752919649856,0.1,9,50,75,0,0
80,102,drugs_alcohol,423,neo_larynx,543206,9023,0,continuous,gday,-0.105360515657826,0.364986256043552,0,0,1,14,1,0
81,102,drugs_alcohol,423,neo_larynx,543206,9023,0,continuous,gday,0.29266961396282,0.310951248846833,0,0,15,48,1,0
82,102,drugs_alcohol,423,neo_larynx,543206,9023,0,continuous,gday,0.867100487683383,0.34452518165106,0,0,49,73.5,1,0
83,102,drugs_alcohol,423,neo_larynx,543206,9023,0,continuous,gday,-0.2484613592985,0.337182612240388,0,0,1,14,1,0
84,102,drugs_alcohol,423,neo_larynx,543206,9023,0,continuous,gday,0.0582689081239758,0.285774171602366,0,0,15,48,1,0
85,102,drugs_alcohol,423,neo_larynx,543206,9023,0,continuous,gday,0.322083499169113,0.338853852925903,0,0,49,73.5,1,0
86,102,drugs_alcohol,423,neo_larynx,543208,9023,0,continuous,gday,0.376585408557514,0.0377952811576841,0,0,1,30,0,1
87,102,drugs_alcohol,423,neo_larynx,543208,9023,0,continuous,gday,1.21378451170993,0.0471761170682832,0,0,30,45,0,1
88,102,drugs_alcohol,423,neo_larynx,543463,9023,0,continuous,gday,0.048790164169432,0.101449736649518,0,0,0,12.2,0,1
89,102,drugs_alcohol,423,neo_larynx,543463,9023,0,continuous,gday,0.683096844706444,0.0950010831243052,0,0,12.2,24.4,0,1
90,102,drugs_alcohol,423,neo_larynx,543463,9023,0,continuous,gday,1.24415459395877,0.102234494150702,0,0,36.6,48.8,0,1
91,102,drugs_alcohol,423,neo_larynx,543463,9023,0,continuous,gday,2.24283508858827,0.093156571003498,0,0,61,91.5,0,1
92,102,drugs_alcohol,423,neo_larynx,439731,9023,0,continuous,gday,-0.261364764134408,0.389915522933784,0,0,1,13,0,0
93,102,drugs_alcohol,423,neo_larynx,439731,9023,0,continuous,gday,-0.150822889734584,0.463084175162819,0,0,14,42,0,0
94,102,drugs_alcohol,423,neo_larynx,439731,9023,0,continuous,gday,1.23547147138531,0.317008579551619,0,0,43,64.5,0,0
95,102,drugs_alcohol,423,neo_larynx,534509,9023,0,continuous,gday,0.506817602368452,0.182262742354277,0,25,26,75,0,1
96,102,drugs_alcohol,423,neo_larynx,534509,9023,0,continuous,gday,1.26976054486394,0.199592758941507,0,25,76,114,0,1
97,102,drugs_alcohol,423,neo_larynx,446843,9023,0,continuous,gday,0.412308306590159,0.197288216599184,0,0,25,75,0,1
98,102,drugs_alcohol,423,neo_larynx,446843,9023,0,continuous,gday,1.2947271675944,0.209310325860739,0,0,75,112.5,0,1
99,102,drugs_alcohol,423,neo_larynx,543699,9023,0,continuous,gday,-0.798507696217772,0.410570896029107,0.122,10.98,12.2,35.38,0,0
100,102,drugs_alcohol,423,neo_larynx,543699,9023,0,continuous,gday,-0.400477566597125,0.623047713104389,0.122,10.98,36.6,59.78,0,0
101,102,drugs_alcohol,423,neo_larynx,543699,9023,0,continuous,gday,-0.653926467406664,0.84077471071539,0.122,10.98,61,91.5,0,0
102,102,drugs_alcohol,423,neo_larynx,543699,9023,0,continuous,gday,0.182321556793955,0.146776567577439,0.122,10.98,12.2,35.38,0,0
103,102,drugs_alcohol,423,neo_larynx,543699,9023,0,continuous,gday,0.182321556793955,0.220662611603726,0.122,10.98,36.6,59.78,0,0
104,102,drugs_alcohol,423,neo_larynx,543699,9023,0,continuous,gday,0.636576829071551,0.264309166246626,0.122,10.98,61,91.5,0,0
105,102,drugs_alcohol,423,neo_larynx,543701,9023,0,continuous,gday,0.262364264467491,0.199264273853547,0,24,25,74,0,0
106,102,drugs_alcohol,423,neo_larynx,543701,9023,0,continuous,gday,0.8754687373539,0.213859487348072,0,24,75,112.5,0,0
107,102,drugs_alcohol,423,neo_larynx,446817,9023,0,continuous,gday,-0.415515443961666,0.293687760753452,0,0,0.3,20,0,0
108,102,drugs_alcohol,423,neo_larynx,446817,9023,0,continuous,gday,0.131028262406404,0.289255211098359,0,0,20,50,0,0
109,102,drugs_alcohol,423,neo_larynx,446817,9023,0,continuous,gday,0.924258901523332,0.293103616023909,0,0,50,80,0,0
110,102,drugs_alcohol,423,neo_larynx,446817,9023,0,continuous,gday,1.13783300182139,0.312808404533882,0,0,80,120,0,0
111,102,drugs_alcohol,423,neo_larynx,446817,9023,0,continuous,gday,1.43270073393405,0.333251840466703,0,0,120,180,0,0
112,102,drugs_alcohol,423,neo_larynx,543451,9023,0,continuous,gday,0.920282753143692,0.0710370962619533,0,30,40,60,0,0
113,102,drugs_alcohol,423,neo_larynx,543695,9023,0,continuous,gday,1.00430160919687,0.101147050542195,0,38.5714285714286,40,78.5714285714286,0,1
114,102,drugs_alcohol,423,neo_larynx,543695,9023,0,continuous,gday,1.93585981320181,0.115302327485474,0,38.5714285714286,80,120,0,1
115,102,drugs_alcohol,423,neo_larynx,543684,9023,0,continuous,gday,-0.562118918153541,0.282822098092248,0,0,14,28,0,1
116,102,drugs_alcohol,423,neo_larynx,543684,9023,0,continuous,gday,0.940007258491471,0.27681085956668,0,0,42,63,0,1
