seq,rei_id,risk_id,cause_id,acause,study_id,bundle_id,bundle_version_id,risk_type,risk_unit,ln_rr,ln_rr_se,ref_risk_lower,ref_risk_upper,alt_risk_lower,alt_risk_upper,cov_incidence,cov_age,cov_smoking
1,102,drugs_alcohol,429,neo_breast,309768,9023,0,continuous,gday,-0.342490308946776,1.10519814439542,0,0,14,21,0,1,1
2,102,drugs_alcohol,429,neo_breast,296202,9023,0,continuous,gday,0.2390169004705,0.0960401967436,0,0,14,27.8,0,0,0
3,102,drugs_alcohol,429,neo_breast,296199,9023,0,continuous,gday,-0.230545881080972,0.3260644913763,0,0,1,3,0,0,1
4,102,drugs_alcohol,429,neo_breast,309775,9023,0,continuous,gday,0.993251773010283,0.381503482929817,0,0,40,60,0,0,0
5,102,drugs_alcohol,429,neo_breast,309757,9023,0,continuous,gday,0.0861776962410524,0.0814874415220309,0,1.5,37.1,55.65,0,0,0
6,102,drugs_alcohol,429,neo_breast,309796,9023,0,continuous,gday,0.587786664902119,0.376087534200471,0,0,20,30,0,0,0
7,102,drugs_alcohol,429,neo_breast,309795,9023,0,continuous,gday,0.113328685307003,0.764727111279761,0,0,23,34.5,0,0,0
8,102,drugs_alcohol,429,neo_breast,298275,9023,0,continuous,gday,0.182321556793955,0.119898885011667,0,0,12,22.8,1,0,0
9,102,drugs_alcohol,429,neo_breast,296194,9023,0,continuous,gday,0.0676586484738149,0.0334255771444908,0,0,1,4.9,0,0,0
10,102,drugs_alcohol,429,neo_breast,309768,9023,0,continuous,gday,-0.0202027073175195,0.57177917396662,0,0,1,4,0,1,1
11,102,drugs_alcohol,429,neo_breast,309804,9023,0,continuous,gday,-1.20397280432594,0.72275850613679,0,0,1,4,0,0,0
12,102,drugs_alcohol,429,neo_breast,309757,9023,0,continuous,gday,0.00995033085316809,0.0552368143355843,0,1.5,0,0,0,0,0
13,102,drugs_alcohol,429,neo_breast,309796,9023,0,continuous,gday,-0.0943106794712413,0.291670454721812,0,0,11.4285714285714,20,0,0,0
14,102,drugs_alcohol,429,neo_breast,309784,9023,0,continuous,gday,0.0861776962410524,0.210000078777588,0,0,5,14,0,0,0
15,102,drugs_alcohol,429,neo_breast,309804,9023,0,continuous,gday,0,0.63390475759898,0,0,5,14,0,0,0
16,102,drugs_alcohol,429,neo_breast,296190,9023,0,continuous,gday,0.307484699747961,0.258626467348988,0,0,10,15,1,0,0
17,102,drugs_alcohol,429,neo_breast,309804,9023,0,continuous,gday,-0.22314355131421,0.519612736546184,0,0,1,4,0,0,0
18,102,drugs_alcohol,429,neo_breast,309788,9023,0,continuous,gday,0.53062825106217,0.165966215852334,0,0,7.61,20.4,0,0,1
19,102,drugs_alcohol,429,neo_breast,296200,9023,0,continuous,gday,0,0.194423482665025,0,0,1,4.99,0,0,1
20,102,drugs_alcohol,429,neo_breast,309798,9023,0,continuous,gday,-0.22314355131421,0.201137081725579,0,0.333,10,10,0,0,0
21,102,drugs_alcohol,429,neo_breast,309793,9023,0,continuous,gday,0.741937344729377,0.322874074829407,0,0,24.35,36.525,0,0,1
22,102,drugs_alcohol,429,neo_breast,296202,9023,0,continuous,gday,0.215111379616945,0.111799727278356,0,0,28,42,0,0,0
23,102,drugs_alcohol,429,neo_breast,309768,9023,0,continuous,gday,0.122217632724249,0.273733532366954,0,0,1,4,0,1,1
24,102,drugs_alcohol,429,neo_breast,309804,9023,0,continuous,gday,0.0953101798043249,0.679231588526901,0,0,15,29,0,0,0
25,102,drugs_alcohol,429,neo_breast,309795,9023,0,continuous,gday,0.207014169384326,0.47059999983892,0,0,11.5,23,0,0,0
26,102,drugs_alcohol,429,neo_breast,309804,9023,0,continuous,gday,-0.693147180559945,0.859004038261856,0,0,5,14,0,0,0
27,102,drugs_alcohol,429,neo_breast,296199,9023,0,continuous,gday,-0.0692429027421607,0.318230688251963,0,0,3,15,0,0,1
28,102,drugs_alcohol,429,neo_breast,309801,9023,0,continuous,gday,-0.356674943938732,0.44250026923166,0,0,28,42,0,0,0
29,102,drugs_alcohol,429,neo_breast,309773,9023,0,continuous,gday,0.182321556793955,0.192288725096015,0,0,15,29.9,0,0,1
30,102,drugs_alcohol,429,neo_breast,309798,9023,0,continuous,gday,0,0.194423482665025,0,0.333,20,30,0,0,0
31,102,drugs_alcohol,429,neo_breast,296200,9023,0,continuous,gday,0.405465108108164,0.310304929674616,0,0,5,9.99,0,0,1
32,102,drugs_alcohol,429,neo_breast,309806,9023,0,continuous,gday,0.0953101798043249,0.400157121916797,0,0,1,1.2,0,0,0
33,102,drugs_alcohol,429,neo_breast,309810,9023,0,continuous,gday,0.0411419433311752,0.154255804284329,0,0,1,1.28571428571429,0,0,1
34,102,drugs_alcohol,429,neo_breast,309757,9023,0,continuous,gday,-0.0202027073175195,0.05171212053495,0,1.5,1.5,4.7,0,0,0
35,102,drugs_alcohol,429,neo_breast,296197,9023,0,continuous,gday,-0.150822889734584,0.237499203893839,0,0,20,30,0,0,1
36,102,drugs_alcohol,429,neo_breast,309800,9023,0,continuous,gday,0.78845736036427,0.1180162045786,0,0,31,46.5,0,0,0
37,102,drugs_alcohol,429,neo_breast,309813,9023,0,continuous,gday,0.113328685307003,0.0969529062711215,0,0,1,19,0,0,1
38,102,drugs_alcohol,429,neo_breast,296141,9023,0,continuous,gday,1.23547147138531,1.0147679669428,0,0,63.909,95.8635,0,0,1
39,102,drugs_alcohol,429,neo_breast,309776,9023,0,continuous,gday,-0.356674943938732,0.300677294985114,0,0,1,5,0,0,1
40,102,drugs_alcohol,429,neo_breast,309815,9023,0,continuous,gday,0.0769610411361284,0.0727089171000758,0,0,1,3.3,0,0,1
41,102,drugs_alcohol,429,neo_breast,309777,9023,0,continuous,gday,0.454445730329786,0.223557559197884,0,0,14,21,0,1,1
42,102,drugs_alcohol,429,neo_breast,309792,9023,0,continuous,gday,-0.0618754037180875,0.0913112158789079,0,0,1.65714285714286,3.31428571428571,0,0,1
43,102,drugs_alcohol,429,neo_breast,309768,9023,0,continuous,gday,0.53062825106217,0.416621030370259,0,0,14,21,0,1,1
44,102,drugs_alcohol,429,neo_breast,309806,9023,0,continuous,gday,-0.22314355131421,0.176823260346925,0,0,1.3,4.9,0,0,0
45,102,drugs_alcohol,429,neo_breast,309773,9023,0,continuous,gday,0.262364264467491,0.19061591883424,0,0,1,1.4,0,0,1
46,102,drugs_alcohol,429,neo_breast,298275,9023,0,continuous,gday,0.0953101798043249,0.0938073418687034,0,0,1,10.8,1,0,0
47,102,drugs_alcohol,429,neo_breast,309798,9023,0,continuous,gday,-0.510825623765991,0.176823260346925,0,0.333333333333333,0.333333333333333,1,0,0,0
48,102,drugs_alcohol,429,neo_breast,309804,9023,0,continuous,gday,0.832909122935104,1.05960743351493,0,0,30,45,0,0,0
49,102,drugs_alcohol,429,neo_breast,309804,9023,0,continuous,gday,-0.105360515657826,0.794264109492442,0,0,30,45,0,0,0
50,102,drugs_alcohol,429,neo_breast,309804,9023,0,continuous,gday,-0.22314355131421,0.992811300538425,0,0,15,29,0,0,0
51,102,drugs_alcohol,429,neo_breast,309795,9023,0,continuous,gday,0.0769610411361284,0.266613164213552,0,0,1,11.5,0,0,0
52,102,drugs_alcohol,429,neo_breast,309815,9023,0,continuous,gday,0.357674444271816,0.10635046018668,0,0,10,15,0,0,1
53,102,drugs_alcohol,429,neo_breast,309784,9023,0,continuous,gday,0.182321556793955,0.260625318247954,0,0,15,29,0,0,0
54,102,drugs_alcohol,429,neo_breast,296202,9023,0,continuous,gday,0.048790164169432,0.104433420262577,0,0,1,1.8,0,0,0
55,102,drugs_alcohol,429,neo_breast,309816,9023,0,continuous,gday,0.524728528934982,0.124447986107472,0,0,10,15,0,0,1
56,102,drugs_alcohol,429,neo_breast,309773,9023,0,continuous,gday,0.0953101798043249,0.130312659123977,0,0,5,14.9,0,0,1
57,102,drugs_alcohol,429,neo_breast,309786,9023,0,continuous,gday,0.139761942375159,0.146961894168094,0,0,1,4.9,0,0,0
58,102,drugs_alcohol,429,neo_breast,309811,9023,0,continuous,gday,0.262364264467491,0.16224203232653,0,0,1,5,0,0,1
59,102,drugs_alcohol,429,neo_breast,309817,9023,0,continuous,gday,0.182321556793955,0.0858347542401053,0,0,14,28,0,0,1
60,102,drugs_alcohol,429,neo_breast,309803,9023,0,continuous,gday,-0.105360515657826,0.28025823690513,0,0,1,10,0,0,1
61,102,drugs_alcohol,429,neo_breast,310083,9023,0,continuous,gday,0.451075619360217,0.237329869642141,0,0,9.3,13.95,0,0,0
62,102,drugs_alcohol,429,neo_breast,310083,9023,0,continuous,gday,0.148420005118273,0.237218465288248,0,0,2.51,9.3,0,0,0
63,102,drugs_alcohol,429,neo_breast,309810,9023,0,continuous,gday,-0.590229646553259,0.334134080277992,0,0,1.42857142857143,2.14285714285714,0,0,1
64,102,drugs_alcohol,429,neo_breast,309770,9023,0,continuous,gday,0.378436435720245,0.131214080700842,0,0,5,7.5,0,0,0
65,102,drugs_alcohol,429,neo_breast,309789,9023,0,continuous,gday,0.182321556793955,0.1319531923715,0,0,1.5,4.9,0,0,1
66,102,drugs_alcohol,429,neo_breast,309789,9023,0,continuous,gday,0.165514438477573,0.15996353794157,0,0,1,1.4,0,0,1
67,102,drugs_alcohol,429,neo_breast,309810,9023,0,continuous,gday,-0.277335780397637,0.486862543069515,0,0,1.42857142857143,2.14285714285714,0,0,1
68,102,drugs_alcohol,429,neo_breast,309810,9023,0,continuous,gday,0.288331861293278,0.132963747763521,0,0,1,11.2857142857143,0,0,1
69,102,drugs_alcohol,429,neo_breast,309817,9023,0,continuous,gday,0.182321556793955,0.103434976558205,0,0,28,42,0,0,1
70,102,drugs_alcohol,429,neo_breast,296194,9023,0,continuous,gday,0.139761942375159,0.0440925542957681,0,0,5,9.9,0,0,0
71,102,drugs_alcohol,429,neo_breast,309791,9023,0,continuous,gday,-0.356674943938732,0.427034804482569,0,0,1.42857142857143,4.28571428571429,0,0,0
72,102,drugs_alcohol,429,neo_breast,309811,9023,0,continuous,gday,0.470003629245736,0.28025823690513,0,0,10,15,0,0,1
73,102,drugs_alcohol,429,neo_breast,309792,9023,0,continuous,gday,0.262364264467491,0.204579091941006,0,0,13.0285714285714,19.5428571428571,0,0,1
74,102,drugs_alcohol,429,neo_breast,309792,9023,0,continuous,gday,-0.116533816255952,0.195573888406345,0,0,6.3,9.45,0,0,1
75,102,drugs_alcohol,429,neo_breast,309776,9023,0,continuous,gday,-0.510825623765991,0.35364652069385,0,0,10,15,0,0,1
76,102,drugs_alcohol,429,neo_breast,309811,9023,0,continuous,gday,0.405465108108164,0.212476817075282,0,0,10,15,0,0,1
77,102,drugs_alcohol,429,neo_breast,309776,9023,0,continuous,gday,-0.105360515657826,0.410570896029107,0,0,5.1,10,0,0,1
78,102,drugs_alcohol,429,neo_breast,309811,9023,0,continuous,gday,0.0953101798043249,0.240934083887972,0,0,5,10,0,0,1
79,102,drugs_alcohol,429,neo_breast,309792,9023,0,continuous,gday,0.173953307123438,0.175300258564653,0,0,2.7,5.4,0,0,1
80,102,drugs_alcohol,429,neo_breast,309753,9023,0,continuous,gday,0.2390169004705,0.164029948182264,1.71428571428571,5.14285714285714,0,0,0,0,1
81,102,drugs_alcohol,429,neo_breast,309803,9023,0,continuous,gday,0.470003629245736,0.298487564451596,0,0,40,60,0,0,1
82,102,drugs_alcohol,429,neo_breast,309803,9023,0,continuous,gday,0.182321556793955,0.35364652069385,0,0,30,40,0,0,1
83,102,drugs_alcohol,429,neo_breast,309792,9023,0,continuous,gday,-0.0408219945202552,0.0894089218599008,0,0,0.9,1.8,0,0,1
84,102,drugs_alcohol,429,neo_breast,309803,9023,0,continuous,gday,0,0.210887391118487,0,0,20,30,0,0,1
85,102,drugs_alcohol,429,neo_breast,309792,9023,0,continuous,gday,0.0295588022415444,0.0912849640609464,0,0,0.814285714285714,1.62857142857143,0,0,1
86,102,drugs_alcohol,429,neo_breast,309811,9023,0,continuous,gday,0.0953101798043249,0.0938073418687034,0,0,1,5,0,0,1
87,102,drugs_alcohol,429,neo_breast,309793,9023,0,continuous,gday,0.182321556793955,0.35364652069385,0,0,13.11,24.34,0,0,1
88,102,drugs_alcohol,429,neo_breast,309793,9023,0,continuous,gday,0.405465108108164,0.319582389922288,0,0,5.32,13.1,0,0,1
89,102,drugs_alcohol,429,neo_breast,309813,9023,0,continuous,gday,-0.139262067333508,0.172675168287797,0,0,20,39,0,0,1
90,102,drugs_alcohol,429,neo_breast,296202,9023,0,continuous,gday,0.113328685307003,0.102498821229388,0,0,8,13.8,0,0,0
91,102,drugs_alcohol,429,neo_breast,296202,9023,0,continuous,gday,0.0953101798043249,0.0827142010677496,0,0,2,7.8,0,0,0
92,102,drugs_alcohol,429,neo_breast,309815,9023,0,continuous,gday,0.0953101798043249,0.0807442913499154,0,0,3.4,9.9,0,0,1
93,102,drugs_alcohol,429,neo_breast,296202,9023,0,continuous,gday,0.0198026272961797,0.0777491086252758,0,0,0.1,0.8,0,0,0
94,102,drugs_alcohol,429,neo_breast,296203,9023,0,continuous,gday,0.153235975898858,0.103399237970193,0,0,16,24,0,0,1
95,102,drugs_alcohol,429,neo_breast,296190,9023,0,continuous,gday,-0.0618754037180875,0.147912881442077,0,0,3.4,9.9,1,0,0
96,102,drugs_alcohol,429,neo_breast,309796,9023,0,continuous,gday,0.0953101798043249,0.244604680176773,0,0,0,1.42857142857143,0,0,0
97,102,drugs_alcohol,429,neo_breast,296204,9023,0,continuous,gday,0.0582689081239758,0.156404202266941,0,0,0.142857142857143,21.4285714285714,0,0,0
98,102,drugs_alcohol,429,neo_breast,296204,9023,0,continuous,gday,0.157003748809665,0.146050814482482,0,0,0.1,0.128571428571429,0,0,0
99,102,drugs_alcohol,429,neo_breast,309808,9023,0,continuous,gday,0.693147180559945,0.309444550981085,0,0,5,7.5,0,0,1
100,102,drugs_alcohol,429,neo_breast,298275,9023,0,continuous,gday,0,0.176823260346925,0,0,48,72,1,0,0
101,102,drugs_alcohol,429,neo_breast,309798,9023,0,continuous,gday,0,0.176823260346925,0,0.204285714285714,1.42857142857143,4.28571428571429,0,0,0
102,102,drugs_alcohol,429,neo_breast,296206,9023,0,continuous,gday,0.172692007818111,0.102462356954511,0,0,1,2,0,1,1
103,102,drugs_alcohol,429,neo_breast,296193,9023,0,continuous,gday,0.0198026272961797,0.221069148806603,0,0,8,14,1,0,0
104,102,drugs_alcohol,429,neo_breast,309800,9023,0,continuous,gday,0.262364264467491,0.0791211551795509,0,0,10,19,0,0,0
105,102,drugs_alcohol,429,neo_breast,309810,9023,0,continuous,gday,0.575657851767478,0.156115072187374,0,0,11.4285714285714,22.7142857142857,0,0,1
106,102,drugs_alcohol,429,neo_breast,296193,9023,0,continuous,gday,-0.287682072451781,0.13824393133572,0,0,1,6,1,0,0
107,102,drugs_alcohol,429,neo_breast,309810,9023,0,continuous,gday,-0.0793679353835727,0.261796400026809,0,0,1,1.28571428571429,0,0,1
108,102,drugs_alcohol,429,neo_breast,309791,9023,0,continuous,gday,0.262364264467491,0.324736141789002,0,0,5.71428571428571,11.4285714285714,0,0,0
109,102,drugs_alcohol,429,neo_breast,296194,9023,0,continuous,gday,0.139761942375159,0.0400108345645331,0,0,10,19.9,0,0,0
110,102,drugs_alcohol,429,neo_breast,309801,9023,0,continuous,gday,0.0953101798043249,0.265677008884735,0,0,13,27,0,0,0
111,102,drugs_alcohol,429,neo_breast,296197,9023,0,continuous,gday,0.845868267577609,0.313731169171497,0,0,30,45,0,0,1
112,102,drugs_alcohol,429,neo_breast,309751,9023,0,continuous,gday,0.182321556793955,0.245865578025296,0,0,15,30,0,0,1
113,102,drugs_alcohol,429,neo_breast,296197,9023,0,continuous,gday,-0.116533816255952,0.420827635946975,0,0,10,20,0,0,1
114,102,drugs_alcohol,429,neo_breast,296197,9023,0,continuous,gday,-0.544727175441672,0.26265801458703,0,0,5,10,0,0,1
115,102,drugs_alcohol,429,neo_breast,309792,9023,0,continuous,gday,0.00995033085316809,0.210649311735069,0,0,11.4,11.4,0,0,1
116,102,drugs_alcohol,429,neo_breast,309792,9023,0,continuous,gday,-0.0100503358535015,0.160359351893463,0,0,4.97142857142857,9.94285714285714,0,0,1
117,102,drugs_alcohol,429,neo_breast,309753,9023,0,continuous,gday,0.0953101798043249,0.162054388301286,1.71428571428571,5.14285714285714,13.7142857142857,24,0,0,1
118,102,drugs_alcohol,429,neo_breast,296199,9023,0,continuous,gday,0.379463305569164,0.337268240393998,0,0,15,30,0,0,1
119,102,drugs_alcohol,429,neo_breast,309792,9023,0,continuous,gday,0.548121408509688,0.287950338479285,0,0,2.44285714285714,4.88571428571429,0,0,1
120,102,drugs_alcohol,429,neo_breast,309802,9023,0,continuous,gday,0.587786664902119,0.216147413364083,0,1.35,1.5,3,0,0,1
121,102,drugs_alcohol,429,neo_breast,296200,9023,0,continuous,gday,-0.22314355131421,0.35364652069385,0,0,20,30,0,0,1
122,102,drugs_alcohol,429,neo_breast,309777,9023,0,continuous,gday,0.504344667666301,0.196045694126035,0,0,0,2,0,1,1
123,102,drugs_alcohol,429,neo_breast,309803,9023,0,continuous,gday,0.182321556793955,0.254726742375288,0,0,10,20,0,0,1
124,102,drugs_alcohol,429,neo_breast,309757,9023,0,continuous,gday,0.0769610411361284,0.0802278902812341,0,1.5,19,23.6,0,0,0
125,102,drugs_alcohol,429,neo_breast,296200,9023,0,continuous,gday,-0.22314355131421,0.154626480502632,0,0,1,1,0,0,1
126,102,drugs_alcohol,429,neo_breast,309757,9023,0,continuous,gday,-0.0304592074847086,0.0522434726137789,0,1.5,4.7,10,0,0,0
127,102,drugs_alcohol,429,neo_breast,309779,9023,0,continuous,gday,0.0953101798043249,0.0920952412085027,0,0,1,20.4768,0,1,1
128,102,drugs_alcohol,429,neo_breast,309760,9023,0,continuous,gday,0.0610950993598108,0.0165568587335272,0,0,20,30,1,0,0
129,102,drugs_alcohol,429,neo_breast,309760,9023,0,continuous,gday,0.0382587121170903,0.0152125127791173,0,0,10,20,1,0,0
130,102,drugs_alcohol,429,neo_breast,309760,9023,0,continuous,gday,0.00796816964917688,0.0116320386323655,0,0,0,10,1,0,0
131,102,drugs_alcohol,429,neo_breast,309806,9023,0,continuous,gday,-0.693147180559945,0.477500555332039,0,0,15,22.5,0,0,0
132,102,drugs_alcohol,429,neo_breast,309806,9023,0,continuous,gday,-0.510825623765991,0.20686995311641,0,0,5,14.9,0,0,0
133,102,drugs_alcohol,429,neo_breast,309786,9023,0,continuous,gday,0.0769610411361284,0.14499884581313,0,0,5,14.9,0,0,0
134,102,drugs_alcohol,429,neo_breast,309761,9023,0,continuous,gday,-0.105360515657826,0.137499107329767,0,0,0.142857142857143,1.85714285714286,0,0,0
135,102,drugs_alcohol,429,neo_breast,309817,9023,0,continuous,gday,0,0.0511915039444263,0,0,1,14,0,0,1
136,102,drugs_alcohol,429,neo_breast,309808,9023,0,continuous,gday,0.470003629245736,0.315500670191053,0,0,1.3,4.9,0,0,1
137,102,drugs_alcohol,429,neo_breast,309808,9023,0,continuous,gday,0.336472236621213,0.29067201101744,0,0,1,1.2,0,0,1
138,102,drugs_alcohol,429,neo_breast,309789,9023,0,continuous,gday,0.378436435720245,0.171869667016032,0,0,15,22.5,0,0,1
139,102,drugs_alcohol,429,neo_breast,309810,9023,0,continuous,gday,0.797281945291953,0.339114571946501,0,0,11.4285714285714,17.1428571428571,0,0,1
140,102,drugs_alcohol,429,neo_breast,309810,9023,0,continuous,gday,0.441475545631197,0.1929681816964,0,0,22.8571428571429,34.2857142857143,0,0,1
141,102,drugs_alcohol,429,neo_breast,296209,9023,0,continuous,gday,0.0953101798043249,0.0669296593029314,0,0,0.1,0.466666666666667,0,0,0
142,102,drugs_alcohol,429,neo_breast,309800,9023,0,continuous,gday,0.262364264467491,0.0955850636330129,0,0,1,9,0,0,0
143,102,drugs_alcohol,429,neo_breast,309810,9023,0,continuous,gday,0.274748797039882,0.18089357722315,0,0,1,11.2857142857143,0,0,1
144,102,drugs_alcohol,429,neo_breast,296211,9023,0,continuous,gday,0.0198026272961797,0.0669296593029314,0,0,5,9.85714285714286,0,0,1
145,102,drugs_alcohol,429,neo_breast,296211,9023,0,continuous,gday,-0.0100503358535015,0.0569243753352576,0,0,1.42857142857143,4.85714285714286,0,0,1
146,102,drugs_alcohol,429,neo_breast,309810,9023,0,continuous,gday,0.169320744616703,0.115066701395519,0,0,1,1.28571428571429,0,0,1
147,102,drugs_alcohol,429,neo_breast,296212,9023,0,continuous,gday,0.598836501088704,0.300482931516042,0,0,28,42,0,0,0
148,102,drugs_alcohol,429,neo_breast,296212,9023,0,continuous,gday,0.307484699747961,0.25635887872214,0,0,14,26,0,0,0
149,102,drugs_alcohol,429,neo_breast,309811,9023,0,continuous,gday,0.336472236621213,0.300677294985114,0,0,10,15,0,0,1
150,102,drugs_alcohol,429,neo_breast,309811,9023,0,continuous,gday,-1.6094379124341,0.737339734157185,0,0,10,15,0,0,1
151,102,drugs_alcohol,429,neo_breast,309811,9023,0,continuous,gday,0,0.250211544135645,0,0,10,15,0,0,1
152,102,drugs_alcohol,429,neo_breast,296214,9023,0,continuous,gday,0.476234178996372,0.287547362528614,0,1.54285714285714,25.7142857142857,36,0,0,0
153,102,drugs_alcohol,429,neo_breast,309753,9023,0,continuous,gday,0.285178942233662,0.178176589997357,1.71428571428571,5.14285714285714,25.7142857142857,36,0,0,1
154,102,drugs_alcohol,429,neo_breast,296214,9023,0,continuous,gday,0.173953307123438,0.141947993627052,0,1.54285714285714,1.71428571428571,12,0,0,0
155,102,drugs_alcohol,429,neo_breast,309811,9023,0,continuous,gday,-1.20397280432594,0.611707977754686,0,0,5,10,0,0,1
156,102,drugs_alcohol,429,neo_breast,309753,9023,0,continuous,gday,-0.0100503358535015,0.169534134723441,1.71428571428571,5.14285714285714,6.85714285714286,12,0,0,1
157,102,drugs_alcohol,429,neo_breast,309811,9023,0,continuous,gday,0.0953101798043249,0.160359351893463,0,0,5,10,0,0,1
158,102,drugs_alcohol,429,neo_breast,309811,9023,0,continuous,gday,0.182321556793955,0.130312659123977,0,0,1,5,0,0,1
159,102,drugs_alcohol,429,neo_breast,309792,9023,0,continuous,gday,0,0.106565102219382,0,0,1.62857142857143,3.25714285714286,0,0,1
160,102,drugs_alcohol,429,neo_breast,309811,9023,0,continuous,gday,-0.510825623765991,0.307135919470902,0,0,1,5,0,0,1
161,102,drugs_alcohol,429,neo_breast,309811,9023,0,continuous,gday,0,0.103434976558205,0,0,1,5,0,0,1
162,102,drugs_alcohol,429,neo_breast,309779,9023,0,continuous,gday,0.3293037471426,0.0951687969524248,0,0,22.752,34.128,0,1,1
163,102,drugs_alcohol,429,neo_breast,309813,9023,0,continuous,gday,0.343589704390077,0.231469923757616,0,0,40,60,0,0,1
164,102,drugs_alcohol,429,neo_breast,309778,9023,0,continuous,gday,0.262364264467491,0.233747635682182,0,0,15,22.5,0,0,1
165,102,drugs_alcohol,429,neo_breast,309793,9023,0,continuous,gday,0.0953101798043249,0.377960342072504,0,0,0.11,5.31,0,0,1
166,102,drugs_alcohol,429,neo_breast,296215,9023,0,continuous,gday,0.0157749191153622,0.137107310673098,0,0,1,5,0,1,1
167,102,drugs_alcohol,429,neo_breast,309800,9023,0,continuous,gday,0.336472236621213,0.0888537485378102,0,0,20,30,0,0,0
168,102,drugs_alcohol,429,neo_breast,309784,9023,0,continuous,gday,0.548121408509688,0.358057616895396,0,0,30,45,0,0,0
169,102,drugs_alcohol,429,neo_breast,296209,9023,0,continuous,gday,0.0953101798043249,0.0465106012229476,0,0,1,14,0,0,0
170,102,drugs_alcohol,429,neo_breast,309816,9023,0,continuous,gday,0.300104592450338,0.0995755679877205,0,0,5,9.9,0,0,1
171,102,drugs_alcohol,429,neo_breast,309816,9023,0,continuous,gday,0.215111379616945,0.07815668506733,0,0,1,4.9,0,0,1
172,102,drugs_alcohol,429,neo_breast,296190,9023,0,continuous,gday,-0.0512932943875506,0.125440166426676,0,0,1,3.4,1,0,0
173,102,drugs_alcohol,429,neo_breast,309796,9023,0,continuous,gday,-0.127833371509885,0.265393719526565,0,0,1.42857142857143,4.28571428571429,0,0,0
174,102,drugs_alcohol,429,neo_breast,296204,9023,0,continuous,gday,0.56531380905006,0.212667976350481,0,0,21.4285714285714,32.1428571428571,0,0,0
175,102,drugs_alcohol,429,neo_breast,309788,9023,0,continuous,gday,0.405465108108164,0.164955909419656,0,0,2.41,7.6,0,0,1
176,102,drugs_alcohol,429,neo_breast,309788,9023,0,continuous,gday,0.182321556793955,0.146776567577439,0,0,1,2.4,0,0,1
177,102,drugs_alcohol,429,neo_breast,309768,9023,0,continuous,gday,0.457424847038875,0.606337210102178,0,0,4,14,0,1,1
178,102,drugs_alcohol,429,neo_breast,309789,9023,0,continuous,gday,0.22314355131421,0.150858287308674,0,0,5,14.9,0,0,1
179,102,drugs_alcohol,429,neo_breast,310083,9023,0,continuous,gday,-0.22314355131421,0.232745268809762,0,0,1,2.51,0,0,0
180,102,drugs_alcohol,429,neo_breast,309811,9023,0,continuous,gday,0.182321556793955,0.220662611603726,0,0,5,10,0,0,1
181,102,drugs_alcohol,429,neo_breast,309792,9023,0,continuous,gday,-0.0100503358535015,0.14763694627097,0,0,4.88571428571429,9.77142857142857,0,0,1
182,102,drugs_alcohol,429,neo_breast,296209,9023,0,continuous,gday,0.182321556793955,0.061520932861451,0,0,14,28,0,0,0
183,102,drugs_alcohol,429,neo_breast,309791,9023,0,continuous,gday,-0.22314355131421,0.483959179817827,0,0,12.8571428571429,19.2857142857143,0,0,0
184,102,drugs_alcohol,429,neo_breast,296194,9023,0,continuous,gday,0.246860077931526,0.0693708457866433,0,0,20,29.9,0,0,0
185,102,drugs_alcohol,429,neo_breast,309801,9023,0,continuous,gday,-0.356674943938732,0.392970673711007,0,0,13,27,0,0,0
186,102,drugs_alcohol,429,neo_breast,309792,9023,0,continuous,gday,0.2390169004705,0.248982134330555,0,0,13.2571428571429,19.8857142857143,0,0,1
187,102,drugs_alcohol,429,neo_breast,309801,9023,0,continuous,gday,-0.356674943938732,0.682180777914931,0,0,13,27,0,0,0
188,102,drugs_alcohol,429,neo_breast,309751,9023,0,continuous,gday,0.924258901523332,0.325808000680252,0,0,30,45,0,0,1
189,102,drugs_alcohol,429,neo_breast,309792,9023,0,continuous,gday,0.254642218373581,0.267643880932176,0,0,5.7,8.55,0,0,1
190,102,drugs_alcohol,429,neo_breast,309792,9023,0,continuous,gday,-0.174353387144778,0.189688274027254,0,0,11.6,11.6,0,0,1
191,102,drugs_alcohol,429,neo_breast,309751,9023,0,continuous,gday,0.22314355131421,0.204156076023284,0,0,1,15,0,0,1
192,102,drugs_alcohol,429,neo_breast,296197,9023,0,continuous,gday,-0.579818495252942,0.109041840517076,0,0,1,5,0,0,1
193,102,drugs_alcohol,429,neo_breast,309810,9023,0,continuous,gday,0.419696690354889,0.284827235235924,0,0,1.42857142857143,2.14285714285714,0,0,1
194,102,drugs_alcohol,429,neo_breast,309811,9023,0,continuous,gday,0.182321556793955,0.146776567577439,0,0,5,10,0,0,1
195,102,drugs_alcohol,429,neo_breast,309802,9023,0,continuous,gday,0.641853886172395,0.186450895036427,0,1.35,4.5,13.5,0,0,1
196,102,drugs_alcohol,429,neo_breast,309777,9023,0,continuous,gday,0.316633894401549,0.228293465479732,0,0,8,12,0,1,1
197,102,drugs_alcohol,429,neo_breast,309777,9023,0,continuous,gday,0.367139993786496,0.195449565840391,0,0,2,6,0,1,1
198,102,drugs_alcohol,429,neo_breast,296200,9023,0,continuous,gday,0.262364264467491,0.314322367676692,0,0,10,19.99,0,0,1
199,102,drugs_alcohol,429,neo_breast,309757,9023,0,continuous,gday,0.307484699747961,0.0842453282833105,0,1.5,29.9,37.1,0,0,0
200,102,drugs_alcohol,429,neo_breast,309757,9023,0,continuous,gday,0.0295588022415444,0.0912849640609464,0,1.5,23.6,29.9,0,0,0
201,102,drugs_alcohol,429,neo_breast,309757,9023,0,continuous,gday,0.0676586484738149,0.0547896177662483,0,1.5,10,19,0,0,0
202,102,drugs_alcohol,429,neo_breast,309798,9023,0,continuous,gday,-0.22314355131421,0.176823260346925,0,0.204285714285714,5.71428571428571,8.57142857142857,0,0,0
203,102,drugs_alcohol,429,neo_breast,296206,9023,0,continuous,gday,0.10517049760554,0.10356622600329,0,0,6,10,0,1,1
204,102,drugs_alcohol,429,neo_breast,296209,9023,0,continuous,gday,0.336472236621213,0.111050528382103,0,0,42,63,0,0,0
205,102,drugs_alcohol,429,neo_breast,309801,9023,0,continuous,gday,0,0.250211544135645,0,0,1,2,0,0,0
206,102,drugs_alcohol,429,neo_breast,309770,9023,0,continuous,gday,0.254642218373581,0.127748797936859,0,0,1,5,0,0,0
207,102,drugs_alcohol,429,neo_breast,309761,9023,0,continuous,gday,0,0.250211544135645,0,0,26,39,0,0,0
208,102,drugs_alcohol,429,neo_breast,309796,9023,0,continuous,gday,-0.0943106794712413,0.260625318247954,0,0,5.71428571428571,10,0,0,0
209,102,drugs_alcohol,429,neo_breast,309761,9023,0,continuous,gday,-0.105360515657826,0.157918165409751,0,0,1.85714285714286,12.9857142857143,0,0,0
210,102,drugs_alcohol,429,neo_breast,296203,9023,0,continuous,gday,0.124780716897306,0.0652115279736422,0,0,2,14,0,0,1
211,102,drugs_alcohol,429,neo_breast,298275,9023,0,continuous,gday,0.405465108108164,0.11722763504552,0,0,24,36,1,0,0
212,102,drugs_alcohol,429,neo_breast,309773,9023,0,continuous,gday,0.182321556793955,0.16224203232653,0,0,1.5,4.9,0,0,1
213,102,drugs_alcohol,429,neo_breast,296193,9023,0,continuous,gday,0.0861776962410524,0.242595992311746,0,0,16,24,1,0,0
214,102,drugs_alcohol,429,neo_breast,296215,9023,0,continuous,gday,0.163733191982602,0.15176328053621,0,0,6,13,0,1,1
215,102,drugs_alcohol,429,neo_breast,296206,9023,0,continuous,gday,-0.259288997950563,0.0934344570977732,0,0,2,4,0,1,1
216,102,drugs_alcohol,429,neo_breast,309775,9023,0,continuous,gday,0.405465108108164,0.310304929674616,0,0,20,40,0,0,0
217,102,drugs_alcohol,429,neo_breast,309775,9023,0,continuous,gday,0.262364264467491,0.220662611603726,0,0,1,10,0,0,0
218,102,drugs_alcohol,429,neo_breast,309801,9023,0,continuous,gday,0.0953101798043249,0.62671830939319,0,0,3,12,0,0,0
219,102,drugs_alcohol,429,neo_breast,296199,9023,0,continuous,gday,0.143580728477524,0.328275999481036,0,0,30,45,0,0,1
220,102,drugs_alcohol,429,neo_breast,309802,9023,0,continuous,gday,0.832909122935104,0.240934083887972,0,1.35,15,25.5,0,0,1
221,102,drugs_alcohol,429,neo_breast,309801,9023,0,continuous,gday,0.0953101798043249,0.254726742375288,0,0,28,42,0,0,0
222,102,drugs_alcohol,429,neo_breast,296194,9023,0,continuous,gday,0.405465108108164,0.0561617378739397,0,0,30,45,0,0,0
223,102,drugs_alcohol,429,neo_breast,296211,9023,0,continuous,gday,0.104360015324243,0.0707447156674067,0,0,10,19.8571428571429,0,0,1
224,102,drugs_alcohol,429,neo_breast,296215,9023,0,continuous,gday,0.142887487548548,0.213570456925771,0,0,14,21,0,1,1
225,102,drugs_alcohol,429,neo_breast,296141,9023,0,continuous,gday,0.482426149244293,0.299365713479905,0,0,0.789,41.817,0,0,1
226,102,drugs_alcohol,429,neo_breast,296211,9023,0,continuous,gday,-0.0618754037180875,0.0514641945538409,0,0,1,1.28571428571429,0,0,1
227,102,drugs_alcohol,429,neo_breast,309768,9023,0,continuous,gday,0.343589704390077,0.32734274622349,0,0,4,14,0,1,1
228,102,drugs_alcohol,429,neo_breast,309801,9023,0,continuous,gday,0,0.194423482665025,0,0,3,12,0,0,0
229,102,drugs_alcohol,429,neo_breast,296214,9023,0,continuous,gday,0.246860077931526,0.197918085817617,0,1.54285714285714,13.7142857142857,24,0,0,0
230,102,drugs_alcohol,429,neo_breast,296214,9023,0,continuous,gday,0.431782416425538,0.355297672353446,0,1.54285714285714,37.7142857142857,56.5714285714286,0,0,0
231,102,drugs_alcohol,429,neo_breast,296212,9023,0,continuous,gday,0.048790164169432,0.188770020470419,0,0,6,12,0,0,0
232,102,drugs_alcohol,429,neo_breast,309775,9023,0,continuous,gday,0.587786664902119,0.247296060507169,0,0,10,20,0,0,0
233,102,drugs_alcohol,429,neo_breast,296211,9023,0,continuous,gday,0.215111379616945,0.0941880912540366,0,0,20,30,0,0,1
234,102,drugs_alcohol,429,neo_breast,309802,9023,0,continuous,gday,1.25276296849537,0.284474895566153,0,1.35,27,40.5,0,0,1
235,102,drugs_alcohol,429,neo_breast,309761,9023,0,continuous,gday,0.336472236621213,0.216147413364083,0,0,13,25.9857142857143,0,0,0
236,102,drugs_alcohol,429,neo_breast,309786,9023,0,continuous,gday,-0.415515443961666,0.193287168800387,0,0,15,22.5,0,0,0
237,102,drugs_alcohol,429,neo_breast,296206,9023,0,continuous,gday,0.290129076094833,0.103388224603375,0,0,10,15,0,1,1
238,102,drugs_alcohol,429,neo_breast,309784,9023,0,continuous,gday,0.104360015324243,0.168724102613614,0,0,1,4,0,0,0
239,102,drugs_alcohol,429,neo_breast,309778,9023,0,continuous,gday,-0.916290731874155,0.176823260346925,0,0,1,15,0,0,1
240,102,drugs_alcohol,429,neo_breast,296212,9023,0,continuous,gday,0.0582689081239758,0.146377658910046,0,0,1,6,0,0,0
241,102,drugs_alcohol,429,neo_breast,309753,9023,0,continuous,gday,0.482426149244293,0.225775048053584,1.71428571428571,5.14285714285714,48,72,0,0,1
242,102,drugs_alcohol,429,neo_breast,309801,9023,0,continuous,gday,0.182321556793955,0.28025823690513,0,0,3,12,0,0,0
243,102,drugs_alcohol,429,neo_breast,309801,9023,0,continuous,gday,0.182321556793955,1.15900377098725,0,0,28,42,0,0,0
244,102,drugs_alcohol,429,neo_breast,309773,9023,0,continuous,gday,0.587786664902119,0.225099280662876,0,0,30,45,0,0,1
245,102,drugs_alcohol,429,neo_breast,309801,9023,0,continuous,gday,0.182321556793955,0.56051647381026,0,0,1,2,0,0,0
246,102,drugs_alcohol,429,neo_breast,309753,9023,0,continuous,gday,0.832909122935104,0.197995943910947,1.71428571428571,5.14285714285714,37.7142857142857,46.2857142857143,0,0,1
247,102,drugs_alcohol,429,neo_breast,309801,9023,0,continuous,gday,0.0953101798043249,0.176823260346925,0,0,1,2,0,0,0
248,102,drugs_alcohol,429,neo_breast,541741,9023,0,continuous,gday,-0.3147107448397,0.206290833592293,0,12,12,18,0,0,1
249,102,drugs_alcohol,429,neo_breast,541751,9023,0,continuous,gday,0.431782416425538,0.423198611277329,0,12,12,18,0,1,1
250,102,drugs_alcohol,429,neo_breast,541755,9023,0,continuous,gday,-0.0408219945202552,0.161812928708421,0,5,5,15,0,0,0
251,102,drugs_alcohol,429,neo_breast,541755,9023,0,continuous,gday,0.657520002916794,0.272619880625773,0,5,15,22.5,0,0,0
252,102,drugs_alcohol,429,neo_breast,541759,9023,0,continuous,gday,-0.941608539858445,0.584497589513041,0,0,0,20,0,0,0
253,102,drugs_alcohol,429,neo_breast,541759,9023,0,continuous,gday,-0.972861083362549,0.203047286000294,0,0,20,30,0,0,0
254,102,drugs_alcohol,429,neo_breast,541763,9023,0,continuous,gday,-0.0512932943875506,0.0593424222624371,0,0,5,10,0,0,0
255,102,drugs_alcohol,429,neo_breast,541763,9023,0,continuous,gday,0.262364264467491,0.103434976558205,0,0,25,40,0,0,0
256,102,drugs_alcohol,429,neo_breast,541698,9023,0,continuous,gday,0.0392207131532813,0.130312659123977,0,0.36,0.36,6,1,0,0
257,102,drugs_alcohol,429,neo_breast,541698,9023,0,continuous,gday,-0.116533816255952,0.211157483299161,0,0.36,6,12,1,0,0
258,102,drugs_alcohol,429,neo_breast,541698,9023,0,continuous,gday,0.113328685307003,0.196207420290272,0,0.36,12,24,1,0,0
259,102,drugs_alcohol,429,neo_breast,541698,9023,0,continuous,gday,-0.186329578191493,0.228888402271291,0,0.36,24,36,1,0,0
260,102,drugs_alcohol,429,neo_breast,542884,9023,0,continuous,gday,0.048790164169432,0.00971934852864042,1.14285714285714,2.28571428571429,3.42857142857143,6.85714285714286,0,0,0
261,102,drugs_alcohol,429,neo_breast,542884,9023,0,continuous,gday,0.122217632724249,0.00903110383951933,1.14285714285714,2.28571428571429,8,16,0,0,0
262,102,drugs_alcohol,429,neo_breast,542884,9023,0,continuous,gday,0.2390169004705,0.0180146855137636,1.14285714285714,2.28571428571429,17.1428571428571,25.7142857142857,0,0,0
263,102,drugs_alcohol,429,neo_breast,528708,9023,0,continuous,gday,-0.0943106794712413,0.0644648861111618,1.42857142857143,5,0,1.42857142857143,0,0,0
264,102,drugs_alcohol,429,neo_breast,528708,9023,0,continuous,gday,0.0198026272961797,0.0697799910881674,1.42857142857143,5,5,10,0,0,0
265,102,drugs_alcohol,429,neo_breast,528708,9023,0,continuous,gday,0.139761942375159,0.0746606158068418,1.42857142857143,5,10,20,0,0,0
266,102,drugs_alcohol,429,neo_breast,528708,9023,0,continuous,gday,0.157003748809665,0.0972234895657852,1.42857142857143,5,20,40,0,0,0
267,102,drugs_alcohol,429,neo_breast,541713,9023,0,continuous,gday,0.0861776962410524,0.0187314970803105,0,0,1.42857142857143,1.42857142857143,0,1,1
268,102,drugs_alcohol,429,neo_breast,541713,9023,0,continuous,gday,0.0676586484738149,0.0521460496449353,0,0,1.42857142857143,1.42857142857143,0,1,1
269,102,drugs_alcohol,429,neo_breast,541713,9023,0,continuous,gday,0.0392207131532813,0.0147215095971038,0,0,1.42857142857143,1.42857142857143,0,1,1
270,102,drugs_alcohol,429,neo_breast,528708,9023,0,continuous,gday,0.0198026272961797,0.0697799910881674,1.42857142857143,5,5,10,0,0,0
271,102,drugs_alcohol,429,neo_breast,528708,9023,0,continuous,gday,0.139761942375159,0.0746606158068418,1.42857142857143,5,10,20,0,0,0
272,102,drugs_alcohol,429,neo_breast,528708,9023,0,continuous,gday,0.157003748809665,0.0972234895657852,1.42857142857143,5,20,40,0,0,0
273,102,drugs_alcohol,429,neo_breast,541771,9023,0,continuous,gday,0.0769610411361284,0.0918374321508691,10,50,1.42857142857143,5.71428571428571,0,1,0
274,102,drugs_alcohol,429,neo_breast,541771,9023,0,continuous,gday,0.22314355131421,0.135051532994624,10,50,0,0,0,1,0
275,102,drugs_alcohol,429,neo_breast,541700,9023,0,continuous,gday,0.113328685307003,0.126769518266664,0,0,0,10,1,0,0
276,102,drugs_alcohol,429,neo_breast,541700,9023,0,continuous,gday,-0.150822889734584,0.151710996874156,0,0,10,15,1,0,0
277,102,drugs_alcohol,429,neo_breast,541733,9023,0,continuous,gday,0.131028262406404,0.0559220084628368,0,0,0,14,0,0,1
278,102,drugs_alcohol,429,neo_breast,541733,9023,0,continuous,gday,0.198850858745165,0.0770068131234024,0,0,0,28,0,0,1
279,102,drugs_alcohol,429,neo_breast,541767,9023,0,continuous,gday,0.139761942375159,0.192478603810265,0,7,7,98,0,0,0
280,102,drugs_alcohol,429,neo_breast,541767,9023,0,continuous,gday,0.662687973075237,0.369431062458668,0,7,98,147,0,0,0
281,102,drugs_alcohol,429,neo_breast,541694,9023,0,continuous,gday,-0.23572233352107,0.181419817873118,0,0,0,6,1,0,0
282,102,drugs_alcohol,429,neo_breast,541694,9023,0,continuous,gday,0.0582689081239758,0.232984998220865,0,0,6,9,1,0,0
