seq,rei_id,risk_id,cause_id,acause,study_id,bundle_id,bundle_version_id,risk_type,risk_unit,ln_rr,ln_rr_se,ref_risk_lower,ref_risk_upper,alt_risk_lower,alt_risk_upper,cov_incidence,cov_age,cov_sex
1,102,drugs_alcohol,496,cvd_stroke_cerhem,298330,9023,0,continuous,gday,0.385262401,0.196456179,0,0,46,68.9,1,1,1
2,102,drugs_alcohol,496,cvd_stroke_cerhem,309695,9023,0,continuous,gday,1.360976553,0.63144729,0,0,70,105,0,1,1
3,102,drugs_alcohol,496,cvd_stroke_cerhem,431872,9023,0,continuous,gday,-0.076961041,0.230023452,0,0,0,1.714285714,0,1,1
4,102,drugs_alcohol,496,cvd_stroke_cerhem,155207,9023,0,continuous,gday,-0.274436846,0.172054859,0,0,5,14.9,0,1,1
5,102,drugs_alcohol,496,cvd_stroke_cerhem,428841,9023,0,continuous,gday,-0.174353387,0.072513147,0,1.428571429,20.00000001,28.57142858,0,1,0
6,102,drugs_alcohol,496,cvd_stroke_cerhem,428293,9023,0,continuous,gday,-0.020202707,0.105552018,0,0,11.42857143,24.17000001,0,1,0
7,102,drugs_alcohol,496,cvd_stroke_cerhem,429803,9023,0,continuous,gday,-0.301105093,0.308408251,0,0,15,22.5,1,1,1
8,102,drugs_alcohol,496,cvd_stroke_cerhem,428941,9023,0,continuous,gday,0.131028262,0.119898885,0,32,32,48,0,1,1
9,102,drugs_alcohol,496,cvd_stroke_cerhem,428941,9023,0,continuous,gday,0.615185639,0.139900085,0,24,24,36,0,1,1
10,102,drugs_alcohol,496,cvd_stroke_cerhem,431872,9023,0,continuous,gday,1.05431203,0.523884114,0,1.714285714,35.99999999,53.99999999,0,1,1
11,102,drugs_alcohol,496,cvd_stroke_cerhem,431967,9023,0,continuous,gday,-0.105360516,0.340853209,0,0,0,15,0,1,1
12,102,drugs_alcohol,496,cvd_stroke_cerhem,324091,9023,0,continuous,gday,0.688134639,0.316498513,0,0.930952381,7.447619048,11.17142857,0,1,0
13,102,drugs_alcohol,496,cvd_stroke_cerhem,309688,9023,0,continuous,gday,0.182321557,0.113848751,0,0,1.142857143,8.000000001,0,1,1
14,102,drugs_alcohol,496,cvd_stroke_cerhem,428884,9023,0,continuous,gday,-0.563874845,0.123018571,0,0,0,0.434444444,0,1,0
15,102,drugs_alcohol,496,cvd_stroke_cerhem,298282,9023,0,continuous,gday,0,0.514005873,0,0,23.3378268,45.89772604,1,1,1
16,102,drugs_alcohol,496,cvd_stroke_cerhem,428884,9023,0,continuous,gday,-0.432322562,0.085768243,0,0,0.434444444,26.06666664,0,1,0
17,102,drugs_alcohol,496,cvd_stroke_cerhem,309688,9023,0,continuous,gday,0.2390169,0.191078479,0,0,25.14285715,38.85714286,1,1,1
18,102,drugs_alcohol,496,cvd_stroke_cerhem,298330,9023,0,continuous,gday,0.770108222,0.224402194,0,0,69,103.5,1,1,1
19,102,drugs_alcohol,496,cvd_stroke_cerhem,309688,9023,0,continuous,gday,0.364643114,0.133055718,0,0,25.14285715,38.85714286,0,1,1
20,102,drugs_alcohol,496,cvd_stroke_cerhem,431872,9023,0,continuous,gday,-0.405465108,0.259602864,0,0,0,1.714285714,0,1,1
21,102,drugs_alcohol,496,cvd_stroke_cerhem,431967,9023,0,continuous,gday,-0.755022584,0.575053956,0,0,15,30,0,1,1
22,102,drugs_alcohol,496,cvd_stroke_cerhem,428884,9023,0,continuous,gday,0.569283193,0.158553802,0,0,65.16666665,97.74999998,0,1,0
23,102,drugs_alcohol,496,cvd_stroke_cerhem,428884,9023,0,continuous,gday,-0.196014884,0.17682326,0,0,26.06666666,65.16666665,0,1,0
24,102,drugs_alcohol,496,cvd_stroke_cerhem,298282,9023,0,continuous,gday,-1.203972804,0.587394156,0,0,46.6756536,69.23555284,1,1,1
25,102,drugs_alcohol,496,cvd_stroke_cerhem,309688,9023,0,continuous,gday,0.593326845,0.198674139,0,0,40.00000001,60.00000001,1,1,1
26,102,drugs_alcohol,496,cvd_stroke_cerhem,309688,9023,0,continuous,gday,0.207014169,0.199880419,0,0,17.14285715,24,0,1,1
27,102,drugs_alcohol,496,cvd_stroke_cerhem,309688,9023,0,continuous,gday,0.482426149,0.174595281,0,0,17.14285715,24,1,1,1
28,102,drugs_alcohol,496,cvd_stroke_cerhem,309734,9023,0,continuous,gday,0.113328685,0.052337002,0,0,20.00000002,39.8571429,1,1,1
29,102,drugs_alcohol,496,cvd_stroke_cerhem,431103,9023,0,continuous,gday,0.104360015,0.064110824,0.1,4.9,15,29.9,0,1,0
30,102,drugs_alcohol,496,cvd_stroke_cerhem,428293,9023,0,continuous,gday,-0.15082289,0.065618078,0,0,0,10,0,1,0
31,102,drugs_alcohol,496,cvd_stroke_cerhem,431872,9023,0,continuous,gday,0.165514438,0.602525936,0,1.714285714,25.71428571,35.99999999,0,1,1
32,102,drugs_alcohol,496,cvd_stroke_cerhem,298330,9023,0,continuous,gday,0.019802627,0.199789115,0,0,23,45.9,1,1,1
33,102,drugs_alcohol,496,cvd_stroke_cerhem,431103,9023,0,continuous,gday,0.113328685,0.072729956,0.1,4.9,30,59.9,0,1,0
34,102,drugs_alcohol,496,cvd_stroke_cerhem,309682,9023,0,continuous,gday,0,0.511697241,0,0,31.5696,47.3544,0,1,1
35,102,drugs_alcohol,496,cvd_stroke_cerhem,428293,9023,0,continuous,gday,-0.15082289,0.065618078,0,0,0,10,0,1,0
36,102,drugs_alcohol,496,cvd_stroke_cerhem,324087,9023,0,continuous,gday,0.157003749,0.475788455,0,0.333333333,0.333333333,19.99999998,0,1,0
37,102,drugs_alcohol,496,cvd_stroke_cerhem,428841,9023,0,continuous,gday,-0.186329578,0.064498812,0,1.428571429,10,18.57142858,0,1,0
38,102,drugs_alcohol,496,cvd_stroke_cerhem,431103,9023,0,continuous,gday,0.104360015,0.064110824,0.1,4.9,15,29.9,0,1,0
39,102,drugs_alcohol,496,cvd_stroke_cerhem,324092,9023,0,continuous,gday,-0.105360516,0.250211544,0,0,30,50,0,1,0
40,102,drugs_alcohol,496,cvd_stroke_cerhem,431103,9023,0,continuous,gday,0.058268908,0.052636845,0.1,4.9,5,14.9,0,1,0
41,102,drugs_alcohol,496,cvd_stroke_cerhem,129944,9023,0,continuous,gday,0.2390169,0.164029948,0,0,50,50,1,1,1
42,102,drugs_alcohol,496,cvd_stroke_cerhem,431103,9023,0,continuous,gday,0.3074847,0.105722903,0.1,4.9,60,90,0,1,0
43,102,drugs_alcohol,496,cvd_stroke_cerhem,431103,9023,0,continuous,gday,0.058268908,0.052636845,0.1,4.9,5,14.9,0,1,0
44,102,drugs_alcohol,496,cvd_stroke_cerhem,129944,9023,0,continuous,gday,0.412109651,0.102742705,0,0,60,90,1,1,1
45,102,drugs_alcohol,496,cvd_stroke_cerhem,431103,9023,0,continuous,gday,0.104360015,0.064110824,0.1,4.9,15,29.9,0,1,0
46,102,drugs_alcohol,496,cvd_stroke_cerhem,309695,9023,0,continuous,gday,0.482426149,0.687978801,0,0,21,41,0,1,1
47,102,drugs_alcohol,496,cvd_stroke_cerhem,428841,9023,0,continuous,gday,-0.139262067,0.212282157,0,1.428571429,30.00000001,38.57142858,0,1,0
48,102,drugs_alcohol,496,cvd_stroke_cerhem,298315,9023,0,continuous,gday,-0.776528789,0.477500555,0,0,14.2857143,55.71428577,0,1,1
49,102,drugs_alcohol,496,cvd_stroke_cerhem,298315,9023,0,continuous,gday,0.553885113,0.540883555,0,0,57.1428572,85.7142858,0,1,1
50,102,drugs_alcohol,496,cvd_stroke_cerhem,309696,9023,0,continuous,gday,0.129272336,0.870023931,0,11,11,22,1,1,0
51,102,drugs_alcohol,496,cvd_stroke_cerhem,298330,9023,0,continuous,gday,0.476234179,0.596908387,0,0,46,69,1,1,1
52,102,drugs_alcohol,496,cvd_stroke_cerhem,431103,9023,0,continuous,gday,0.058268908,0.052636845,0.1,4.9,5,14.9,0,1,0
53,102,drugs_alcohol,496,cvd_stroke_cerhem,432080,9023,0,continuous,gday,1.386294361,0.793317533,0,0,14.2857143,42.71428576,0,1,0
54,102,drugs_alcohol,496,cvd_stroke_cerhem,298282,9023,0,continuous,gday,0.693147181,0.764217417,0,0,70.0134804,105.0202206,1,1,1
55,102,drugs_alcohol,496,cvd_stroke_cerhem,155207,9023,0,continuous,gday,-0.371063681,0.293015997,0,0,15,29.9,0,1,1
56,102,drugs_alcohol,496,cvd_stroke_cerhem,428293,9023,0,continuous,gday,-0.020202707,0.105552018,0,0,11.42857143,24.17000001,0,1,0
57,102,drugs_alcohol,496,cvd_stroke_cerhem,298320,9023,0,continuous,gday,-0.446287103,0.375328463,0,0,24.1,60,0,1,1
58,102,drugs_alcohol,496,cvd_stroke_cerhem,298320,9023,0,continuous,gday,0.570979547,0.452971594,0,0,60,90,0,1,1
59,102,drugs_alcohol,496,cvd_stroke_cerhem,430002,9023,0,continuous,gday,0.657520003,0.406432418,0,1.42857143,42.8571429,64.28571435,0,1,0
60,102,drugs_alcohol,496,cvd_stroke_cerhem,429723,9023,0,continuous,gday,-0.104360015,0.175203559,0,0,0,6,0,1,0
61,102,drugs_alcohol,496,cvd_stroke_cerhem,309682,9023,0,continuous,gday,0.173953307,0.498823697,0,0,11.8386,30.78036,0,1,1
62,102,drugs_alcohol,496,cvd_stroke_cerhem,428293,9023,0,continuous,gday,-0.15082289,0.065618078,0,0,0,10,0,1,0
63,102,drugs_alcohol,496,cvd_stroke_cerhem,309734,9023,0,continuous,gday,0.19062036,0.063049003,0,0,60.00000006,99.85714296,1,1,1
64,102,drugs_alcohol,496,cvd_stroke_cerhem,309734,9023,0,continuous,gday,0.438254931,0.062450267,0,0,100.0000001,150.0000002,1,1,1
65,102,drugs_alcohol,496,cvd_stroke_cerhem,309695,9023,0,continuous,gday,0.405465108,0.652918291,0,0,42,69,0,1,1
66,102,drugs_alcohol,496,cvd_stroke_cerhem,428841,9023,0,continuous,gday,-0.051293294,0.103434977,0,1.428571429,40.00000001,60.00000002,0,1,0
67,102,drugs_alcohol,496,cvd_stroke_cerhem,429889,9023,0,continuous,gday,-0.597837001,0.337182612,0,0,27.00000001,40.50000001,1,1,1
68,102,drugs_alcohol,496,cvd_stroke_cerhem,324087,9023,0,continuous,gday,0.819779831,0.680415359,0,0.333333333,19.99999998,29.99999997,0,1,0
69,102,drugs_alcohol,496,cvd_stroke_cerhem,428293,9023,0,continuous,gday,-0.020202707,0.105552018,0,0,11.42857143,24.17000001,0,1,0
70,102,drugs_alcohol,496,cvd_stroke_cerhem,373187,9023,0,continuous,gday,-0.162518929,0.080283353,0,0,0.142857143,5.000000005,0,1,0
71,102,drugs_alcohol,496,cvd_stroke_cerhem,373187,9023,0,continuous,gday,-0.020202707,0.067385606,0,0,5.142857148,24.64483535,0,1,0
72,102,drugs_alcohol,496,cvd_stroke_cerhem,428293,9023,0,continuous,gday,-0.020202707,0.105552018,0,0,11.42857143,24.17000001,0,1,0
73,102,drugs_alcohol,496,cvd_stroke_cerhem,324091,9023,0,continuous,gday,0.039220713,0.316965936,0,0.930952381,0,5.585714286,0,1,0
74,102,drugs_alcohol,496,cvd_stroke_cerhem,324091,9023,0,continuous,gday,0.688134639,0.316498513,0,0.930952381,7.447619048,11.17142857,0,1,0
75,102,drugs_alcohol,496,cvd_stroke_cerhem,428293,9023,0,continuous,gday,-0.094310679,0.164955909,0,0,24.17000001,36.25500001,0,1,0
76,102,drugs_alcohol,496,cvd_stroke_cerhem,298314,9023,0,continuous,gday,0.019802627,0.488818413,0,0,0,10,0,1,0
77,102,drugs_alcohol,496,cvd_stroke_cerhem,431967,9023,0,continuous,gday,0.231111721,0.383693213,0,0,30,45,0,1,1
78,102,drugs_alcohol,496,cvd_stroke_cerhem,431103,9023,0,continuous,gday,0.3074847,0.105722903,0.1,4.9,60,90,0,1,0
79,102,drugs_alcohol,496,cvd_stroke_cerhem,298315,9023,0,continuous,gday,-0.46203546,0.533638791,0,0,1.42857143,12.85714287,0,1,1
80,102,drugs_alcohol,496,cvd_stroke_cerhem,429723,9023,0,continuous,gday,0.104360015,0.162054388,0,6,6,12,0,1,0
81,102,drugs_alcohol,496,cvd_stroke_cerhem,429454,9023,0,continuous,gday,0.336472237,0.21020071,0,0,10,29.9,0,1,1
82,102,drugs_alcohol,496,cvd_stroke_cerhem,431103,9023,0,continuous,gday,0.104360015,0.064110824,0.1,4.9,15,29.9,0,1,0
83,102,drugs_alcohol,496,cvd_stroke_cerhem,324092,9023,0,continuous,gday,-0.223143551,0.223333862,0,0,10,20,0,1,0
84,102,drugs_alcohol,496,cvd_stroke_cerhem,309688,9023,0,continuous,gday,0.182321557,0.151216325,0,0,1.142857143,8.000000001,1,1,1
85,102,drugs_alcohol,496,cvd_stroke_cerhem,309688,9023,0,continuous,gday,-0.15082289,0.172606602,0,0,9.142857144,16,1,1,1
86,102,drugs_alcohol,496,cvd_stroke_cerhem,428293,9023,0,continuous,gday,-0.15082289,0.065618078,0,0,0,10,0,1,0
87,102,drugs_alcohol,496,cvd_stroke_cerhem,428293,9023,0,continuous,gday,-0.020202707,0.105552018,0,0,11.42857143,24.17000001,0,1,0
88,102,drugs_alcohol,496,cvd_stroke_cerhem,429803,9023,0,continuous,gday,-0.46203546,0.196785555,0,0,0,15,1,1,1
89,102,drugs_alcohol,496,cvd_stroke_cerhem,309688,9023,0,continuous,gday,-0.186329578,0.12715346,0,0,9.142857144,16,0,1,1
90,102,drugs_alcohol,496,cvd_stroke_cerhem,155207,9023,0,continuous,gday,0.336472237,0.248724064,0,0,30,45,0,1,1
91,102,drugs_alcohol,496,cvd_stroke_cerhem,298320,9023,0,continuous,gday,-0.186329578,0.301529056,0,0,0,24,0,1,1
92,102,drugs_alcohol,496,cvd_stroke_cerhem,428293,9023,0,continuous,gday,-0.094310679,0.164955909,0,0,24.17000001,36.25500001,0,1,0
93,102,drugs_alcohol,496,cvd_stroke_cerhem,429723,9023,0,continuous,gday,0.165514438,0.221912677,0,6,12,24,0,1,0
94,102,drugs_alcohol,496,cvd_stroke_cerhem,429889,9023,0,continuous,gday,-0.446287103,0.264092519,0,0,1.285714286,9.000000002,1,1,1
95,102,drugs_alcohol,496,cvd_stroke_cerhem,431103,9023,0,continuous,gday,0.113328685,0.072729956,0.1,4.9,30,59.9,0,1,0
96,102,drugs_alcohol,496,cvd_stroke_cerhem,431103,9023,0,continuous,gday,0.3074847,0.105722903,0.1,4.9,60,90,0,1,0
97,102,drugs_alcohol,496,cvd_stroke_cerhem,431103,9023,0,continuous,gday,-0.2390169,0.062333102,0,0.1,0.1,4.9,0,1,0
98,102,drugs_alcohol,496,cvd_stroke_cerhem,429434,9023,0,continuous,gday,-0.186329578,0.052117465,0,0,0,4.9,0,1,1
99,102,drugs_alcohol,496,cvd_stroke_cerhem,432168,9023,0,continuous,gday,0.21511138,0.364060295,0.142857143,30.00000003,30.00000003,45.00000005,0,1,1
100,102,drugs_alcohol,496,cvd_stroke_cerhem,429434,9023,0,continuous,gday,-0.235722334,0.064110824,0,0,5,14.9,0,1,1
101,102,drugs_alcohol,496,cvd_stroke_cerhem,428841,9023,0,continuous,gday,-0.174353387,0.048738581,0,1.428571429,1.428571429,8.571428574,0,1,0
102,102,drugs_alcohol,496,cvd_stroke_cerhem,324091,9023,0,continuous,gday,0.039220713,0.316965936,0,0.930952381,0,5.585714286,0,1,0
103,102,drugs_alcohol,496,cvd_stroke_cerhem,428293,9023,0,continuous,gday,-0.020202707,0.105552018,0,0,11.42857143,24.17000001,0,1,0
104,102,drugs_alcohol,496,cvd_stroke_cerhem,428293,9023,0,continuous,gday,-0.094310679,0.164955909,0,0,24.17000001,36.25500001,0,1,0
105,102,drugs_alcohol,496,cvd_stroke_cerhem,428293,9023,0,continuous,gday,-0.094310679,0.164955909,0,0,24.17000001,36.25500001,0,1,0
106,102,drugs_alcohol,496,cvd_stroke_cerhem,429889,9023,0,continuous,gday,-0.478035801,0.339299654,0,0,14.14285715,27.00000001,1,1,1
107,102,drugs_alcohol,496,cvd_stroke_cerhem,298330,9023,0,continuous,gday,-0.653926467,0.578227827,0,0,23,45.9,1,1,1
108,102,drugs_alcohol,496,cvd_stroke_cerhem,430002,9023,0,continuous,gday,0.385262401,0.35278323,0,1.42857143,14.2857143,42.8571429,0,1,0
109,102,drugs_alcohol,496,cvd_stroke_cerhem,324091,9023,0,continuous,gday,0.039220713,0.316965936,0,0.930952381,0,5.585714286,0,1,0
110,102,drugs_alcohol,496,cvd_stroke_cerhem,324091,9023,0,continuous,gday,0.688134639,0.316498513,0,0.930952381,7.447619048,11.17142857,0,1,0
111,102,drugs_alcohol,496,cvd_stroke_cerhem,431103,9023,0,continuous,gday,0.104360015,0.064110824,0.1,4.9,15,29.9,0,1,0
112,102,drugs_alcohol,496,cvd_stroke_cerhem,431103,9023,0,continuous,gday,0.113328685,0.072729956,0.1,4.9,30,59.9,0,1,0
113,102,drugs_alcohol,496,cvd_stroke_cerhem,431103,9023,0,continuous,gday,0.3074847,0.105722903,0.1,4.9,60,90,0,1,0
114,102,drugs_alcohol,496,cvd_stroke_cerhem,430713,9023,0,continuous,gday,-0.261364764,0.263053829,0,0,7.8924,11.8386,0,1,0
115,102,drugs_alcohol,496,cvd_stroke_cerhem,430713,9023,0,continuous,gday,-0.116533816,0.275304644,0,0,0.78924,22.88796,0,1,0
116,102,drugs_alcohol,496,cvd_stroke_cerhem,431103,9023,0,continuous,gday,0.113328685,0.072729956,0.1,4.9,30,59.9,0,1,0
117,102,drugs_alcohol,496,cvd_stroke_cerhem,428293,9023,0,continuous,gday,-0.020202707,0.105552018,0,0,11.42857143,24.17000001,0,1,0
118,102,drugs_alcohol,496,cvd_stroke_cerhem,431103,9023,0,continuous,gday,-0.2390169,0.062333102,0,0.1,0.1,4.9,0,1,0
119,102,drugs_alcohol,496,cvd_stroke_cerhem,431103,9023,0,continuous,gday,-0.2390169,0.062333102,0,0.1,0.1,4.9,0,1,0
120,102,drugs_alcohol,496,cvd_stroke_cerhem,428293,9023,0,continuous,gday,-0.15082289,0.065618078,0,0,0,10,0,1,0
121,102,drugs_alcohol,496,cvd_stroke_cerhem,428293,9023,0,continuous,gday,-0.020202707,0.105552018,0,0,11.42857143,24.17000001,0,1,0
122,102,drugs_alcohol,496,cvd_stroke_cerhem,428293,9023,0,continuous,gday,-0.094310679,0.164955909,0,0,24.17000001,36.25500001,0,1,0
123,102,drugs_alcohol,496,cvd_stroke_cerhem,431680,9023,0,continuous,gday,-0.051293294,0.14275913,0,0,1.428571429,4.285714287,0,1,1
124,102,drugs_alcohol,496,cvd_stroke_cerhem,431680,9023,0,continuous,gday,-0.198450939,0.132730706,0,0,5.714285716,15,0,1,1
125,102,drugs_alcohol,496,cvd_stroke_cerhem,298282,9023,0,continuous,gday,-1.203972804,0.457081497,0,0,0.77792756,22.55989924,1,1,1
126,102,drugs_alcohol,496,cvd_stroke_cerhem,324092,9023,0,continuous,gday,0.336472237,0.434884717,0,0,60,90,0,1,0
127,102,drugs_alcohol,496,cvd_stroke_cerhem,324092,9023,0,continuous,gday,0,0.194423483,0,0,0,0.333333333,0,1,0
128,102,drugs_alcohol,496,cvd_stroke_cerhem,324092,9023,0,continuous,gday,-0.356674944,0.17682326,0,0,0.333333333,9.666666657,0,1,0
129,102,drugs_alcohol,496,cvd_stroke_cerhem,429803,9023,0,continuous,gday,-0.328504067,0.278225541,0,0,0,15,1,1,1
130,102,drugs_alcohol,496,cvd_stroke_cerhem,428293,9023,0,continuous,gday,-0.094310679,0.164955909,0,0,24.17000001,36.25500001,0,1,0
131,102,drugs_alcohol,496,cvd_stroke_cerhem,428293,9023,0,continuous,gday,-0.15082289,0.065618078,0,0,0,10,0,1,0
132,102,drugs_alcohol,496,cvd_stroke_cerhem,428293,9023,0,continuous,gday,-0.020202707,0.105552018,0,0,11.42857143,24.17000001,0,1,0
133,102,drugs_alcohol,496,cvd_stroke_cerhem,298283,9023,0,continuous,gday,0.470003629,0.345547363,0,0,42.61896,63.92844,1,1,1
134,102,drugs_alcohol,496,cvd_stroke_cerhem,431103,9023,0,continuous,gday,0.104360015,0.064110824,0.1,4.9,15,29.9,0,1,0
135,102,drugs_alcohol,496,cvd_stroke_cerhem,431103,9023,0,continuous,gday,0.113328685,0.072729956,0.1,4.9,30,59.9,0,1,0
136,102,drugs_alcohol,496,cvd_stroke_cerhem,431103,9023,0,continuous,gday,0.3074847,0.105722903,0.1,4.9,60,90,0,1,0
137,102,drugs_alcohol,496,cvd_stroke_cerhem,431103,9023,0,continuous,gday,-0.2390169,0.062333102,0,0.1,0.1,4.9,0,1,0
138,102,drugs_alcohol,496,cvd_stroke_cerhem,431103,9023,0,continuous,gday,-0.2390169,0.062333102,0,0.1,0.1,4.9,0,1,0
139,102,drugs_alcohol,496,cvd_stroke_cerhem,428293,9023,0,continuous,gday,-0.020202707,0.105552018,0,0,11.42857143,24.17000001,0,1,0
140,102,drugs_alcohol,496,cvd_stroke_cerhem,309734,9023,0,continuous,gday,0.131028262,0.051416561,0,0,40.00000004,59.85714292,1,1,1
141,102,drugs_alcohol,496,cvd_stroke_cerhem,431872,9023,0,continuous,gday,0.058268908,0.283031112,0,1.714285714,12,24,0,1,1
142,102,drugs_alcohol,496,cvd_stroke_cerhem,298330,9023,0,continuous,gday,0.148420005,0.214222106,0,0,0.1,22.9,1,1,1
143,102,drugs_alcohol,496,cvd_stroke_cerhem,428293,9023,0,continuous,gday,-0.15082289,0.065618078,0,0,0,10,0,1,0
144,102,drugs_alcohol,496,cvd_stroke_cerhem,428293,9023,0,continuous,gday,-0.020202707,0.105552018,0,0,11.42857143,24.17000001,0,1,0
145,102,drugs_alcohol,496,cvd_stroke_cerhem,298330,9023,0,continuous,gday,-0.174353387,0.217469189,0,0,0.1,22.9,1,1,1
146,102,drugs_alcohol,496,cvd_stroke_cerhem,430002,9023,0,continuous,gday,-0.051293294,0.281799644,0,1.42857143,1.42857143,14.2857143,0,1,0
147,102,drugs_alcohol,496,cvd_stroke_cerhem,428293,9023,0,continuous,gday,-0.15082289,0.065618078,0,0,0,10,0,1,0
148,102,drugs_alcohol,496,cvd_stroke_cerhem,429454,9023,0,continuous,gday,-0.15082289,0.210327343,0,0,0.1,9.9,0,1,1
149,102,drugs_alcohol,496,cvd_stroke_cerhem,432321,9023,0,continuous,gday,1.156881197,0.471831388,0,30,30,45,1,1,0
150,102,drugs_alcohol,496,cvd_stroke_cerhem,429454,9023,0,continuous,gday,-0.094310679,0.277029054,0,0,30,45,0,1,1
151,102,drugs_alcohol,496,cvd_stroke_cerhem,129944,9023,0,continuous,gday,0.300104592,0.107306099,0,0,40,40,1,1,1
152,102,drugs_alcohol,496,cvd_stroke_cerhem,430713,9023,0,continuous,gday,0.173953307,0.339679553,0,0,0.78924,7.10316,0,1,0
153,102,drugs_alcohol,496,cvd_stroke_cerhem,428293,9023,0,continuous,gday,-0.020202707,0.105552018,0,0,11.42857143,24.17000001,0,1,0
154,102,drugs_alcohol,496,cvd_stroke_cerhem,428293,9023,0,continuous,gday,-0.094310679,0.164955909,0,0,24.17000001,36.25500001,0,1,0
155,102,drugs_alcohol,496,cvd_stroke_cerhem,431103,9023,0,continuous,gday,0.058268908,0.052636845,0.1,4.9,5,14.9,0,1,0
156,102,drugs_alcohol,496,cvd_stroke_cerhem,428293,9023,0,continuous,gday,-0.15082289,0.065618078,0,0,0,10,0,1,0
157,102,drugs_alcohol,496,cvd_stroke_cerhem,428293,9023,0,continuous,gday,-0.094310679,0.164955909,0,0,24.17000001,36.25500001,0,1,0
158,102,drugs_alcohol,496,cvd_stroke_cerhem,429723,9023,0,continuous,gday,0.751416089,0.302885984,0,6,24,36,0,1,0
159,102,drugs_alcohol,496,cvd_stroke_cerhem,431103,9023,0,continuous,gday,-0.2390169,0.062333102,0,0.1,0.1,4.9,0,1,0
160,102,drugs_alcohol,496,cvd_stroke_cerhem,431103,9023,0,continuous,gday,-0.2390169,0.062333102,0,0.1,0.1,4.9,0,1,0
161,102,drugs_alcohol,496,cvd_stroke_cerhem,431680,9023,0,continuous,gday,-0.261364764,0.153402967,0,0,0,1.428571429,0,1,1
162,102,drugs_alcohol,496,cvd_stroke_cerhem,428293,9023,0,continuous,gday,-0.15082289,0.065618078,0,0,0,10,0,1,0
163,102,drugs_alcohol,496,cvd_stroke_cerhem,298331,9023,0,continuous,gday,-0.385662481,0.256358879,0,0,0.142857143,21.28571431,1,1,1
164,102,drugs_alcohol,496,cvd_stroke_cerhem,432080,9023,0,continuous,gday,2.079441542,1.058241724,0,0,42.8571429,64.28571435,0,1,0
165,102,drugs_alcohol,496,cvd_stroke_cerhem,432083,9023,0,continuous,gday,0.470003629,0.188162996,0,25.71428574,43.00000004,61.42857149,0,1,1
166,102,drugs_alcohol,496,cvd_stroke_cerhem,432083,9023,0,continuous,gday,-0.587786665,0.255944416,0,0,0,25.71428574,0,1,1
167,102,drugs_alcohol,496,cvd_stroke_cerhem,432083,9023,0,continuous,gday,-0.78845736,0.185188011,0,0,0,17.14285716,0,1,1
168,102,drugs_alcohol,496,cvd_stroke_cerhem,428518,9023,0,continuous,gday,0.21511138,0.157918165,0,0,0.142857143,14.2857143,0,1,1
169,102,drugs_alcohol,496,cvd_stroke_cerhem,431103,9023,0,continuous,gday,0.104360015,0.064110824,0.1,4.9,15,29.9,0,1,0
170,102,drugs_alcohol,496,cvd_stroke_cerhem,309688,9023,0,continuous,gday,0.438254931,0.148966298,0,0,40.00000001,60.00000001,0,1,1
171,102,drugs_alcohol,496,cvd_stroke_cerhem,429889,9023,0,continuous,gday,-0.579818495,0.267037556,0,0,1.285714286,12.85714286,1,1,1
172,102,drugs_alcohol,496,cvd_stroke_cerhem,431103,9023,0,continuous,gday,0.058268908,0.052636845,0.1,4.9,5,14.9,0,1,0
173,102,drugs_alcohol,496,cvd_stroke_cerhem,431103,9023,0,continuous,gday,0.104360015,0.064110824,0.1,4.9,15,29.9,0,1,0
174,102,drugs_alcohol,496,cvd_stroke_cerhem,155207,9023,0,continuous,gday,0.254642218,0.25627126,0,0,15,29.9,0,1,1
175,102,drugs_alcohol,496,cvd_stroke_cerhem,155207,9023,0,continuous,gday,-0.010050336,0.275821568,0,0,30,45,0,1,1
176,102,drugs_alcohol,496,cvd_stroke_cerhem,309682,9023,0,continuous,gday,0.157003749,0.252447334,0,0,0.78924,11.04936,0,1,1
177,102,drugs_alcohol,496,cvd_stroke_cerhem,309682,9023,0,continuous,gday,0.2390169,0.29423993,0,0,0.78924,11.04936,0,1,1
178,102,drugs_alcohol,496,cvd_stroke_cerhem,309734,9023,0,continuous,gday,-0.010050336,0.061520933,0,0,0,20.00000002,1,1,1
179,102,drugs_alcohol,496,cvd_stroke_cerhem,428293,9023,0,continuous,gday,-0.020202707,0.105552018,0,0,11.42857143,24.17000001,0,1,0
180,102,drugs_alcohol,496,cvd_stroke_cerhem,429908,9023,0,continuous,gday,0.609765572,0.416718231,0,0,0,60,0,1,1
181,102,drugs_alcohol,496,cvd_stroke_cerhem,432168,9023,0,continuous,gday,0.094310679,0.280258237,0,0,0.142857143,30.00000003,0,1,1
182,102,drugs_alcohol,496,cvd_stroke_cerhem,429434,9023,0,continuous,gday,-0.139262067,0.096248528,0,0,15,29.9,0,1,1
183,102,drugs_alcohol,496,cvd_stroke_cerhem,429434,9023,0,continuous,gday,0.058268908,0.105404886,0,0,30,45,0,1,1
184,102,drugs_alcohol,496,cvd_stroke_cerhem,428293,9023,0,continuous,gday,-0.094310679,0.164955909,0,0,24.17000001,36.25500001,0,1,0
185,102,drugs_alcohol,496,cvd_stroke_cerhem,431103,9023,0,continuous,gday,0.3074847,0.105722903,0.1,4.9,60,90,0,1,0
186,102,drugs_alcohol,496,cvd_stroke_cerhem,431103,9023,0,continuous,gday,0.058268908,0.052636845,0.1,4.9,5,14.9,0,1,0
187,102,drugs_alcohol,496,cvd_stroke_cerhem,431103,9023,0,continuous,gday,0.104360015,0.064110824,0.1,4.9,15,29.9,0,1,0
188,102,drugs_alcohol,496,cvd_stroke_cerhem,428293,9023,0,continuous,gday,-0.15082289,0.065618078,0,0,0,10,0,1,0
189,102,drugs_alcohol,496,cvd_stroke_cerhem,428293,9023,0,continuous,gday,-0.020202707,0.105552018,0,0,11.42857143,24.17000001,0,1,0
190,102,drugs_alcohol,496,cvd_stroke_cerhem,428293,9023,0,continuous,gday,-0.094310679,0.164955909,0,0,24.17000001,36.25500001,0,1,0
191,102,drugs_alcohol,496,cvd_stroke_cerhem,129944,9023,0,continuous,gday,-0.248461359,0.071505603,0,0,10,10,1,1,1
192,102,drugs_alcohol,496,cvd_stroke_cerhem,129944,9023,0,continuous,gday,0,0.073388284,0,0,20,20,1,1,1
193,102,drugs_alcohol,496,cvd_stroke_cerhem,129944,9023,0,continuous,gday,0.139761942,0.097091082,0,0,30,30,1,1,1
194,102,drugs_alcohol,496,cvd_stroke_cerhem,430713,9023,0,continuous,gday,0.262364264,0.308569081,0,0,23.6772,35.5158,0,1,0
195,102,drugs_alcohol,496,cvd_stroke_cerhem,431103,9023,0,continuous,gday,0.113328685,0.072729956,0.1,4.9,30,59.9,0,1,0
196,102,drugs_alcohol,496,cvd_stroke_cerhem,431103,9023,0,continuous,gday,0.3074847,0.105722903,0.1,4.9,60,90,0,1,0
197,102,drugs_alcohol,496,cvd_stroke_cerhem,324091,9023,0,continuous,gday,0.039220713,0.316965936,0,0.930952381,0,5.585714286,0,1,0
198,102,drugs_alcohol,496,cvd_stroke_cerhem,324091,9023,0,continuous,gday,0.688134639,0.316498513,0,0.930952381,7.447619048,11.17142857,0,1,0
199,102,drugs_alcohol,496,cvd_stroke_cerhem,432080,9023,0,continuous,gday,0.916290732,0.839195126,0,0,1.42857143,14.14285716,0,1,0
200,102,drugs_alcohol,496,cvd_stroke_cerhem,298324,9023,0,continuous,gday,-0.261364764,0.197995944,0,0,1.428571429,10,0,1,1
201,102,drugs_alcohol,496,cvd_stroke_cerhem,298324,9023,0,continuous,gday,-0.105360516,0.158808575,0,0,11.42857143,30.00000001,0,1,1
202,102,drugs_alcohol,496,cvd_stroke_cerhem,298315,9023,0,continuous,gday,-0.776528789,0.477500555,0,0,1.42857143,12.85714287,0,1,1
203,102,drugs_alcohol,496,cvd_stroke_cerhem,298315,9023,0,continuous,gday,-1.171182982,0.722758506,0,0,14.2857143,55.71428577,0,1,1
204,102,drugs_alcohol,496,cvd_stroke_cerhem,298315,9023,0,continuous,gday,4.016383021,1.344169895,0,0,57.1428572,85.7142858,0,1,1
205,102,drugs_alcohol,496,cvd_stroke_cerhem,428293,9023,0,continuous,gday,-0.094310679,0.164955909,0,0,24.17000001,36.25500001,0,1,0
206,102,drugs_alcohol,496,cvd_stroke_cerhem,429803,9023,0,continuous,gday,-0.287682072,0.425581228,0,0,15,22.5,1,1,1
207,102,drugs_alcohol,496,cvd_stroke_cerhem,428518,9023,0,continuous,gday,0.104360015,0.173573509,0,0,14.42857144,35.71428575,0,1,1
208,102,drugs_alcohol,496,cvd_stroke_cerhem,431103,9023,0,continuous,gday,0.113328685,0.072729956,0.1,4.9,30,59.9,0,1,0
209,102,drugs_alcohol,496,cvd_stroke_cerhem,431103,9023,0,continuous,gday,0.3074847,0.105722903,0.1,4.9,60,90,0,1,0
210,102,drugs_alcohol,496,cvd_stroke_cerhem,298283,9023,0,continuous,gday,-0.105360516,0.326768838,0,0,0,42.61896,1,1,1
211,102,drugs_alcohol,496,cvd_stroke_cerhem,298329,9023,0,continuous,gday,-0.274436846,0.169636812,0,0.333333333,1.428571429,8.571428574,0,1,1
212,102,drugs_alcohol,496,cvd_stroke_cerhem,431103,9023,0,continuous,gday,0.3074847,0.105722903,0.1,4.9,60,90,0,1,0
213,102,drugs_alcohol,496,cvd_stroke_cerhem,431103,9023,0,continuous,gday,0.058268908,0.052636845,0.1,4.9,5,14.9,0,1,0
214,102,drugs_alcohol,496,cvd_stroke_cerhem,298329,9023,0,continuous,gday,0.058268908,0.103434977,0,0.333333333,10,28.57142858,0,1,1
215,102,drugs_alcohol,496,cvd_stroke_cerhem,298329,9023,0,continuous,gday,-0.162518929,0.145026718,0,0.333333333,30.00000001,48.57142859,0,1,1
216,102,drugs_alcohol,496,cvd_stroke_cerhem,431872,9023,0,continuous,gday,-0.020202707,0.195183847,0,1.714285714,1.714285714,10.28571428,0,1,1
217,102,drugs_alcohol,496,cvd_stroke_cerhem,431872,9023,0,continuous,gday,-0.139262067,0.218058299,0,1.714285714,12,24,0,1,1
218,102,drugs_alcohol,496,cvd_stroke_cerhem,428293,9023,0,continuous,gday,-0.094310679,0.164955909,0,0,24.17000001,36.25500001,0,1,0
219,102,drugs_alcohol,496,cvd_stroke_cerhem,428293,9023,0,continuous,gday,-0.094310679,0.164955909,0,0,24.17000001,36.25500001,0,1,0
220,102,drugs_alcohol,496,cvd_stroke_cerhem,429908,9023,0,continuous,gday,1.669591835,0.484881792,0,0,60,90,0,1,1
221,102,drugs_alcohol,496,cvd_stroke_cerhem,428293,9023,0,continuous,gday,-0.15082289,0.065618078,0,0,0,10,0,1,0
222,102,drugs_alcohol,496,cvd_stroke_cerhem,431103,9023,0,continuous,gday,0.113328685,0.072729956,0.1,4.9,30,59.9,0,1,0
223,102,drugs_alcohol,496,cvd_stroke_cerhem,431103,9023,0,continuous,gday,0.3074847,0.105722903,0.1,4.9,60,90,0,1,0
224,102,drugs_alcohol,496,cvd_stroke_cerhem,431103,9023,0,continuous,gday,0.058268908,0.052636845,0.1,4.9,5,14.9,0,1,0
225,102,drugs_alcohol,496,cvd_stroke_cerhem,431103,9023,0,continuous,gday,0.104360015,0.064110824,0.1,4.9,15,29.9,0,1,0
226,102,drugs_alcohol,496,cvd_stroke_cerhem,431103,9023,0,continuous,gday,0.113328685,0.072729956,0.1,4.9,30,59.9,0,1,0
227,102,drugs_alcohol,496,cvd_stroke_cerhem,431103,9023,0,continuous,gday,0.3074847,0.105722903,0.1,4.9,60,90,0,1,0
228,102,drugs_alcohol,496,cvd_stroke_cerhem,431103,9023,0,continuous,gday,-0.2390169,0.062333102,0,0.1,0.1,4.9,0,1,0
229,102,drugs_alcohol,496,cvd_stroke_cerhem,431103,9023,0,continuous,gday,-0.2390169,0.062333102,0,0.1,0.1,4.9,0,1,0
230,102,drugs_alcohol,496,cvd_stroke_cerhem,373187,9023,0,continuous,gday,0.357674444,0.116520001,0,0,24.78769249,37.18153873,0,1,0
231,102,drugs_alcohol,496,cvd_stroke_cerhem,428293,9023,0,continuous,gday,-0.15082289,0.065618078,0,0,0,10,0,1,0
232,102,drugs_alcohol,496,cvd_stroke_cerhem,431103,9023,0,continuous,gday,0.104360015,0.064110824,0.1,4.9,15,29.9,0,1,0
233,102,drugs_alcohol,496,cvd_stroke_cerhem,431103,9023,0,continuous,gday,0.113328685,0.072729956,0.1,4.9,30,59.9,0,1,0
234,102,drugs_alcohol,496,cvd_stroke_cerhem,431103,9023,0,continuous,gday,0.058268908,0.052636845,0.1,4.9,5,14.9,0,1,0
235,102,drugs_alcohol,496,cvd_stroke_cerhem,298314,9023,0,continuous,gday,1.348073148,0.598099309,0,0,30,45,0,1,0
236,102,drugs_alcohol,496,cvd_stroke_cerhem,298314,9023,0,continuous,gday,-0.061875404,0.619055424,0,0,10,20,0,1,0
237,102,drugs_alcohol,496,cvd_stroke_cerhem,428293,9023,0,continuous,gday,-0.15082289,0.065618078,0,0,0,10,0,1,0
238,102,drugs_alcohol,496,cvd_stroke_cerhem,428293,9023,0,continuous,gday,-0.020202707,0.105552018,0,0,11.42857143,24.17000001,0,1,0
239,102,drugs_alcohol,496,cvd_stroke_cerhem,428293,9023,0,continuous,gday,-0.094310679,0.164955909,0,0,24.17000001,36.25500001,0,1,0
240,102,drugs_alcohol,496,cvd_stroke_cerhem,431103,9023,0,continuous,gday,0.058268908,0.052636845,0.1,4.9,5,14.9,0,1,0
241,102,drugs_alcohol,496,cvd_stroke_cerhem,431103,9023,0,continuous,gday,0.058268908,0.052636845,0.1,4.9,5,14.9,0,1,0
242,102,drugs_alcohol,496,cvd_stroke_cerhem,431103,9023,0,continuous,gday,0.113328685,0.072729956,0.1,4.9,30,59.9,0,1,0
243,102,drugs_alcohol,496,cvd_stroke_cerhem,431680,9023,0,continuous,gday,-0.174353387,0.217469189,0,0,15,22.50000001,0,1,1
244,102,drugs_alcohol,496,cvd_stroke_cerhem,431103,9023,0,continuous,gday,0.058268908,0.052636845,0.1,4.9,5,14.9,0,1,0
245,102,drugs_alcohol,496,cvd_stroke_cerhem,431103,9023,0,continuous,gday,-0.2390169,0.062333102,0,0.1,0.1,4.9,0,1,0
246,102,drugs_alcohol,496,cvd_stroke_cerhem,431872,9023,0,continuous,gday,0.086177696,0.178474412,0,1.714285714,1.714285714,10.28571428,0,1,1
247,102,drugs_alcohol,496,cvd_stroke_cerhem,309695,9023,0,continuous,gday,0.039220713,0.72692596,0,0,1,20,0,1,1
248,102,drugs_alcohol,496,cvd_stroke_cerhem,428518,9023,0,continuous,gday,0.329303747,0.216947107,0,0,35.71428575,53.57142863,0,1,1
249,102,drugs_alcohol,496,cvd_stroke_cerhem,155207,9023,0,continuous,gday,-0.430782916,0.234989011,0,0,0.1,4.9,0,1,1
250,102,drugs_alcohol,496,cvd_stroke_cerhem,431103,9023,0,continuous,gday,0.104360015,0.064110824,0.1,4.9,15,29.9,0,1,0
251,102,drugs_alcohol,496,cvd_stroke_cerhem,431103,9023,0,continuous,gday,0.113328685,0.072729956,0.1,4.9,30,59.9,0,1,0
252,102,drugs_alcohol,496,cvd_stroke_cerhem,155207,9023,0,continuous,gday,-0.162518929,0.219439098,0,0,5,14.9,0,1,1
253,102,drugs_alcohol,496,cvd_stroke_cerhem,428293,9023,0,continuous,gday,-0.15082289,0.065618078,0,0,0,10,0,1,0
254,102,drugs_alcohol,496,cvd_stroke_cerhem,429295,9023,0,continuous,gday,-0.105360516,0.446224453,0,0,10.00000001,15.00000002,0,1,1
255,102,drugs_alcohol,496,cvd_stroke_cerhem,428293,9023,0,continuous,gday,-0.094310679,0.164955909,0,0,24.17000001,36.25500001,0,1,0
256,102,drugs_alcohol,496,cvd_stroke_cerhem,309682,9023,0,continuous,gday,0.357674444,0.351868799,0,0,11.8386,30.78036,0,1,1
257,102,drugs_alcohol,496,cvd_stroke_cerhem,309682,9023,0,continuous,gday,0.300104592,0.326169303,0,0,31.5696,47.3544,0,1,1
258,102,drugs_alcohol,496,cvd_stroke_cerhem,428293,9023,0,continuous,gday,-0.15082289,0.065618078,0,0,0,10,0,1,0
259,102,drugs_alcohol,496,cvd_stroke_cerhem,428293,9023,0,continuous,gday,-0.020202707,0.105552018,0,0,11.42857143,24.17000001,0,1,0
260,102,drugs_alcohol,496,cvd_stroke_cerhem,428293,9023,0,continuous,gday,-0.094310679,0.164955909,0,0,24.17000001,36.25500001,0,1,0
261,102,drugs_alcohol,496,cvd_stroke_cerhem,431103,9023,0,continuous,gday,0.104360015,0.064110824,0.1,4.9,15,29.9,0,1,0
262,102,drugs_alcohol,496,cvd_stroke_cerhem,431103,9023,0,continuous,gday,0.113328685,0.072729956,0.1,4.9,30,59.9,0,1,0
263,102,drugs_alcohol,496,cvd_stroke_cerhem,431865,9023,0,continuous,gday,0.076961041,0.091837432,0,1.428571429,7.142857145,8.571428574,0,1,1
264,102,drugs_alcohol,496,cvd_stroke_cerhem,431865,9023,0,continuous,gday,0.029558802,0.071951085,0,1.428571429,10,15,0,1,1
265,102,drugs_alcohol,496,cvd_stroke_cerhem,431103,9023,0,continuous,gday,0.113328685,0.072729956,0.1,4.9,30,59.9,0,1,0
266,102,drugs_alcohol,496,cvd_stroke_cerhem,431103,9023,0,continuous,gday,0.3074847,0.105722903,0.1,4.9,60,90,0,1,0
267,102,drugs_alcohol,496,cvd_stroke_cerhem,431103,9023,0,continuous,gday,-0.2390169,0.062333102,0,0.1,0.1,4.9,0,1,0
268,102,drugs_alcohol,496,cvd_stroke_cerhem,431103,9023,0,continuous,gday,-0.2390169,0.062333102,0,0.1,0.1,4.9,0,1,0
269,102,drugs_alcohol,496,cvd_stroke_cerhem,428293,9023,0,continuous,gday,-0.094310679,0.164955909,0,0,24.17000001,36.25500001,0,1,0
270,102,drugs_alcohol,496,cvd_stroke_cerhem,428293,9023,0,continuous,gday,-0.094310679,0.164955909,0,0,24.17000001,36.25500001,0,1,0
271,102,drugs_alcohol,496,cvd_stroke_cerhem,428293,9023,0,continuous,gday,-0.15082289,0.065618078,0,0,0,10,0,1,0
272,102,drugs_alcohol,496,cvd_stroke_cerhem,431103,9023,0,continuous,gday,0.058268908,0.052636845,0.1,4.9,5,14.9,0,1,0
273,102,drugs_alcohol,496,cvd_stroke_cerhem,155207,9023,0,continuous,gday,-0.186329578,0.14626173,0,0,0.1,4.9,0,1,1
274,102,drugs_alcohol,496,cvd_stroke_cerhem,431103,9023,0,continuous,gday,0.058268908,0.052636845,0.1,4.9,5,14.9,0,1,0
275,102,drugs_alcohol,496,cvd_stroke_cerhem,431865,9023,0,continuous,gday,-0.020202707,0.080958633,0,1.428571429,2.857142858,5.714285716,0,1,1
276,102,drugs_alcohol,496,cvd_stroke_cerhem,429287,9023,0,continuous,gday,0.277631737,0.175462713,0,0,60,90,1,1,1
277,102,drugs_alcohol,496,cvd_stroke_cerhem,429295,9023,0,continuous,gday,-0.693147181,0.434884717,0,0,0.014285714,2.842857146,0,1,1
278,102,drugs_alcohol,496,cvd_stroke_cerhem,429295,9023,0,continuous,gday,-0.693147181,0.434884717,0,0,2.85714286,9.985714296,0,1,1
279,102,drugs_alcohol,496,cvd_stroke_cerhem,428293,9023,0,continuous,gday,-0.15082289,0.065618078,0,0,0,10,0,1,0
280,102,drugs_alcohol,496,cvd_stroke_cerhem,428293,9023,0,continuous,gday,-0.020202707,0.105552018,0,0,11.42857143,24.17000001,0,1,0
281,102,drugs_alcohol,496,cvd_stroke_cerhem,428293,9023,0,continuous,gday,-0.094310679,0.164955909,0,0,24.17000001,36.25500001,0,1,0
282,102,drugs_alcohol,496,cvd_stroke_cerhem,298324,9023,0,continuous,gday,-0.051293294,0.13309309,0,0,30.00000001,45.00000001,0,1,1
283,102,drugs_alcohol,496,cvd_stroke_cerhem,431103,9023,0,continuous,gday,0.3074847,0.105722903,0.1,4.9,60,90,0,1,0
284,102,drugs_alcohol,496,cvd_stroke_cerhem,428293,9023,0,continuous,gday,-0.15082289,0.065618078,0,0,0,10,0,1,0
285,102,drugs_alcohol,496,cvd_stroke_cerhem,431103,9023,0,continuous,gday,0.058268908,0.052636845,0.1,4.9,5,14.9,0,1,0
286,102,drugs_alcohol,496,cvd_stroke_cerhem,428293,9023,0,continuous,gday,-0.15082289,0.065618078,0,0,0,10,0,1,0
287,102,drugs_alcohol,496,cvd_stroke_cerhem,431865,9023,0,continuous,gday,-0.223143551,0.098228632,0,1.428571429,1.428571429,1.428571429,0,1,1
288,102,drugs_alcohol,496,cvd_stroke_cerhem,431103,9023,0,continuous,gday,0.3074847,0.105722903,0.1,4.9,60,90,0,1,0
289,102,drugs_alcohol,496,cvd_stroke_cerhem,431103,9023,0,continuous,gday,-0.2390169,0.062333102,0,0.1,0.1,4.9,0,1,0
290,102,drugs_alcohol,496,cvd_stroke_cerhem,428293,9023,0,continuous,gday,-0.15082289,0.065618078,0,0,0,10,0,1,0
291,102,drugs_alcohol,496,cvd_stroke_cerhem,428293,9023,0,continuous,gday,-0.020202707,0.105552018,0,0,11.42857143,24.17000001,0,1,0
292,102,drugs_alcohol,496,cvd_stroke_cerhem,428293,9023,0,continuous,gday,-0.094310679,0.164955909,0,0,24.17000001,36.25500001,0,1,0
293,102,drugs_alcohol,496,cvd_stroke_cerhem,428293,9023,0,continuous,gday,-0.020202707,0.105552018,0,0,11.42857143,24.17000001,0,1,0
294,102,drugs_alcohol,496,cvd_stroke_cerhem,428293,9023,0,continuous,gday,-0.020202707,0.105552018,0,0,11.42857143,24.17000001,0,1,0
295,102,drugs_alcohol,496,cvd_stroke_cerhem,298332,9023,0,continuous,gday,0.693147181,0.410570896,0,0,0.77792756,10.89098584,0,1,1
296,102,drugs_alcohol,496,cvd_stroke_cerhem,298332,9023,0,continuous,gday,0.693147181,0.477500555,0,0,11.6689134,30.33917484,0,1,1
297,102,drugs_alcohol,496,cvd_stroke_cerhem,298329,9023,0,continuous,gday,0.173953307,0.116520001,0,0.333333333,50.00000002,75.00000002,0,1,1
298,102,drugs_alcohol,496,cvd_stroke_cerhem,428293,9023,0,continuous,gday,-0.020202707,0.105552018,0,0,11.42857143,24.17000001,0,1,0
299,102,drugs_alcohol,496,cvd_stroke_cerhem,431103,9023,0,continuous,gday,0.104360015,0.064110824,0.1,4.9,15,29.9,0,1,0
300,102,drugs_alcohol,496,cvd_stroke_cerhem,298331,9023,0,continuous,gday,0.587786665,0.253380554,0,0,64.28571435,96.42857153,1,1,1
301,102,drugs_alcohol,496,cvd_stroke_cerhem,431103,9023,0,continuous,gday,0.104360015,0.064110824,0.1,4.9,15,29.9,0,1,0
302,102,drugs_alcohol,496,cvd_stroke_cerhem,431103,9023,0,continuous,gday,0.113328685,0.072729956,0.1,4.9,30,59.9,0,1,0
303,102,drugs_alcohol,496,cvd_stroke_cerhem,431103,9023,0,continuous,gday,-0.2390169,0.062333102,0,0.1,0.1,4.9,0,1,0
304,102,drugs_alcohol,496,cvd_stroke_cerhem,431103,9023,0,continuous,gday,-0.2390169,0.062333102,0,0.1,0.1,4.9,0,1,0
305,102,drugs_alcohol,496,cvd_stroke_cerhem,431103,9023,0,continuous,gday,0.058268908,0.052636845,0.1,4.9,5,14.9,0,1,0
306,102,drugs_alcohol,496,cvd_stroke_cerhem,431103,9023,0,continuous,gday,0.113328685,0.072729956,0.1,4.9,30,59.9,0,1,0
307,102,drugs_alcohol,496,cvd_stroke_cerhem,431103,9023,0,continuous,gday,0.104360015,0.064110824,0.1,4.9,15,29.9,0,1,0
308,102,drugs_alcohol,496,cvd_stroke_cerhem,428293,9023,0,continuous,gday,-0.094310679,0.164955909,0,0,24.17000001,36.25500001,0,1,0
309,102,drugs_alcohol,496,cvd_stroke_cerhem,431103,9023,0,continuous,gday,-0.2390169,0.062333102,0,0.1,0.1,4.9,0,1,0
310,102,drugs_alcohol,496,cvd_stroke_cerhem,298331,9023,0,continuous,gday,0.329303747,0.246476455,0,0,42.8571429,64.14285721,1,1,1
311,102,drugs_alcohol,496,cvd_stroke_cerhem,431872,9023,0,continuous,gday,0.173953307,0.262914527,0,1.714285714,25.71428571,35.99999999,0,1,1
312,102,drugs_alcohol,496,cvd_stroke_cerhem,431103,9023,0,continuous,gday,0.3074847,0.105722903,0.1,4.9,60,90,0,1,0
313,102,drugs_alcohol,496,cvd_stroke_cerhem,431872,9023,0,continuous,gday,0.518793793,0.142043555,0,1.714285714,35.99999999,53.99999999,0,1,1
314,102,drugs_alcohol,496,cvd_stroke_cerhem,431103,9023,0,continuous,gday,0.3074847,0.105722903,0.1,4.9,60,90,0,1,0
315,102,drugs_alcohol,496,cvd_stroke_cerhem,298331,9023,0,continuous,gday,-0.072570693,0.238971751,0,0,21.42857145,42.71428576,1,1,1
316,102,drugs_alcohol,496,cvd_stroke_cerhem,298332,9023,0,continuous,gday,0.875468737,0.492323931,0,0,31.1171024,46.6756536,0,1,1
317,102,drugs_alcohol,496,cvd_stroke_cerhem,531081,9023,0,continuous,gday,0.385262400790645,0.304285587685666,0,0,0.112857142857143,11.1728571428571,0,0,0
318,102,drugs_alcohol,496,cvd_stroke_cerhem,531081,9023,0,continuous,gday,0.148420005118273,0.319582389922288,0,0,11.2857142857143,16.9285714285714,0,0,0
319,102,drugs_alcohol,496,cvd_stroke_cerhem,531239,9023,0,continuous,gday,0.802001585472027,0.335417193147384,10,30,30,45,0,0,0
320,102,drugs_alcohol,496,cvd_stroke_cerhem,429966,9023,0,continuous,gday,0.314810739840034,0.449511148235188,0,0,1,33,1,0,0
321,102,drugs_alcohol,496,cvd_stroke_cerhem,429966,9023,0,continuous,gday,0.524728528934982,0.544898244195944,0,0,34,51,1,0,0
322,102,drugs_alcohol,496,cvd_stroke_cerhem,531025,9023,0,continuous,gday,0.22314355131421,0.408742199733543,3.42857142857143,5.14285714285714,6.85714285714286,12,1,0,1
323,102,drugs_alcohol,496,cvd_stroke_cerhem,531031,9023,0,continuous,gday,0.00995033085316809,0.224963912105273,1.71428571428571,10.2857142857143,0,0,1,0,0
324,102,drugs_alcohol,496,cvd_stroke_cerhem,531031,9023,0,continuous,gday,0.0861776962410524,0.234485992321561,1.71428571428571,10.2857142857143,12,22.2857142857143,1,0,0
325,102,drugs_alcohol,496,cvd_stroke_cerhem,531031,9023,0,continuous,gday,0.22314355131421,0.292125587832399,1.71428571428571,10.2857142857143,24,34.2857142857143,1,0,0
326,102,drugs_alcohol,496,cvd_stroke_cerhem,531031,9023,0,continuous,gday,0.182321556793955,0.38671220776104,1.71428571428571,10.2857142857143,36,46.2857142857143,1,0,0
327,102,drugs_alcohol,496,cvd_stroke_cerhem,531031,9023,0,continuous,gday,0.0953101798043249,0.520719471647867,1.71428571428571,10.2857142857143,48,58.2857142857143,1,0,0
328,102,drugs_alcohol,496,cvd_stroke_cerhem,531031,9023,0,continuous,gday,0.819779831493311,0.353086472080728,1.71428571428571,10.2857142857143,60,90,1,0,0
329,102,drugs_alcohol,496,cvd_stroke_cerhem,501860,9023,0,continuous,gday,-0.105360515657826,0.244452788513568,0,0,1,10,1,1,0
330,102,drugs_alcohol,496,cvd_stroke_cerhem,501860,9023,0,continuous,gday,0.482426149244293,0.398572184624777,0,0,11,20,1,1,0
331,102,drugs_alcohol,496,cvd_stroke_cerhem,501860,9023,0,continuous,gday,0.89199803930511,0.35364652069385,0,0,21,31.5,1,1,0
332,102,drugs_alcohol,496,cvd_stroke_cerhem,531053,9023,0,continuous,gday,-0.527632742082372,0.366511534374179,0,0,1,12,1,0,1
333,102,drugs_alcohol,496,cvd_stroke_cerhem,531053,9023,0,continuous,gday,-0.328504066972036,0.416870031893998,0,0,13,36,1,0,1
334,102,drugs_alcohol,496,cvd_stroke_cerhem,531053,9023,0,continuous,gday,-1.56064774826467,1.00797033637281,0,0,37,55.5,1,0,1
335,102,drugs_alcohol,496,cvd_stroke_cerhem,526255,9023,0,continuous,gday,-0.415515443961666,0.193287168800387,0,0,1,25,0,0,1
336,102,drugs_alcohol,496,cvd_stroke_cerhem,526255,9023,0,continuous,gday,-0.328504066972036,0.196841529592204,0,0,26,60,0,0,1
337,102,drugs_alcohol,496,cvd_stroke_cerhem,526255,9023,0,continuous,gday,0.425267735404344,0.183877222421035,0,0,61,91.5,0,0,1
338,102,drugs_alcohol,496,cvd_stroke_cerhem,428498,9023,0,continuous,gday,0.457424847038875,0.0771124673145239,0.142857142857143,39.8571428571429,40,60,0,0,1
339,102,drugs_alcohol,496,cvd_stroke_cerhem,428498,9023,0,continuous,gday,-0.0408219945202552,0.0795356183752147,0.142857142857143,39.8571428571429,40,60,0,0,1
340,102,drugs_alcohol,496,cvd_stroke_cerhem,333090,9023,0,continuous,gday,0.0198026272961797,0.270139549049918,0.12,1.2,1.2,24,1,0,1
341,102,drugs_alcohol,496,cvd_stroke_cerhem,333090,9023,0,continuous,gday,-0.544727175441672,0.466160819982336,0.12,1.2,25.2,48,1,0,1
342,102,drugs_alcohol,496,cvd_stroke_cerhem,333090,9023,0,continuous,gday,0.157003748809665,0.206142129396409,0.12,1.2,49.2,73.8,1,0,1
343,102,drugs_alcohol,496,cvd_stroke_cerhem,429710,9023,0,continuous,gday,0.392042087776024,0.290185639009639,0,0.142857142857143,0,0,1,0,1
344,102,drugs_alcohol,496,cvd_stroke_cerhem,429710,9023,0,continuous,gday,0.548121408509688,0.291295986968527,0,0.142857142857143,0.142857142857143,21.2857142857143,1,0,1
345,102,drugs_alcohol,496,cvd_stroke_cerhem,429710,9023,0,continuous,gday,0.832909122935104,0.28025823690513,0,0.142857142857143,21.4285714285714,42.7142857142857,1,0,1
346,102,drugs_alcohol,496,cvd_stroke_cerhem,429710,9023,0,continuous,gday,0.615185639090233,0.29703154750788,0,0.142857142857143,42.8571428571429,64.1428571428571,1,0,1
347,102,drugs_alcohol,496,cvd_stroke_cerhem,429710,9023,0,continuous,gday,0.765467842139571,0.289162030701319,0,0.142857142857143,64.2857142857143,96.4285714285714,1,0,1
348,102,drugs_alcohol,496,cvd_stroke_cerhem,298334,9023,0,continuous,gday,1.3609765531356,0.516423919514492,0,0,69,103.5,1,0,1
349,102,drugs_alcohol,496,cvd_stroke_cerhem,298334,9023,0,continuous,gday,0,0.389300077422206,0,0,1,68,1,0,1
