seq,rei_id,risk_id,cause_id,acause,study_id,bundle_id,bundle_version_id,risk_type,risk_unit,ln_rr,ln_rr_se,ref_risk_lower,ref_risk_upper,alt_risk_lower,alt_risk_upper,cov_incidence,cov_age,cov_otherdrug
1,102,drugs_alcohol,417,neo_liver,125934,9023,0,continuous,gday,0.641853886172395,0.374065578773833,0,0,57.1428571428571,85.7142857142857,0,0,1
2,102,drugs_alcohol,417,neo_liver,125934,9023,0,continuous,gday,-0.356674943938732,0.410570896029107,0,0,28.5714285714286,55.7142857142857,0,0,1
3,102,drugs_alcohol,417,neo_liver,125934,9023,0,continuous,gday,-0.22314355131421,0.319582389922288,0,0,1,28.5714285714286,0,0,1
4,102,drugs_alcohol,417,neo_liver,144367,9023,0,continuous,gday,0.157003748809665,0.545935245789865,0,10,40,60,0,1,0
5,102,drugs_alcohol,417,neo_liver,144367,9023,0,continuous,gday,1.96009478404727,1.19048854599948,0,5,20,30,0,1,0
6,102,drugs_alcohol,417,neo_liver,144367,9023,0,continuous,gday,-0.891598119283784,0.44687605474856,0,10,10,40,0,1,0
7,102,drugs_alcohol,417,neo_liver,144367,9023,0,continuous,gday,-0.562118918153541,0.72701030524016,0,5,5,20,0,1,0
8,102,drugs_alcohol,417,neo_liver,296140,9023,0,continuous,gday,0.2390169004705,0.416870031893998,0,0,1,19,0,1,0
9,102,drugs_alcohol,417,neo_liver,296158,9023,0,continuous,gday,0.506817602368452,0.473303717349384,0,0,0.00216438356164384,8.65753424657534,0,0,1
10,102,drugs_alcohol,417,neo_liver,296134,9023,0,continuous,gday,1.24990173621434,0.670108357443782,0,0,0.142857142857143,1.71428571428571,1,0,1
11,102,drugs_alcohol,417,neo_liver,296144,9023,0,continuous,gday,1.02961941718116,0.646856881418731,0,0,1,22.7,0,0,1
12,102,drugs_alcohol,417,neo_liver,296145,9023,0,continuous,gday,0.405465108108164,0.130312659123977,0,0,100,150,1,0,1
13,102,drugs_alcohol,417,neo_liver,296158,9023,0,continuous,gday,0.672944473242426,0.489010870454607,0,0,71.4246575342466,107.13698630137,0,0,1
14,102,drugs_alcohol,417,neo_liver,296158,9023,0,continuous,gday,1.71739505393919,0.989074675508265,0,0,71.4246575342466,107.13698630137,0,0,1
15,102,drugs_alcohol,417,neo_liver,296158,9023,0,continuous,gday,0.924258901523332,0.486835809426994,0,0,34.6301369863014,71.4246575342466,0,0,1
16,102,drugs_alcohol,417,neo_liver,296158,9023,0,continuous,gday,0.157003748809665,0.425152124049502,0,0,8.65753424657534,34.6301369863014,0,0,1
17,102,drugs_alcohol,417,neo_liver,296158,9023,0,continuous,gday,0.783901543828409,0.483207774146971,0,0,8.65753424657534,34.6301369863014,0,0,1
18,102,drugs_alcohol,417,neo_liver,296158,9023,0,continuous,gday,0.00995033085316809,0.378924812184725,0,0,0.00216438356164384,8.65753424657534,0,0,1
19,102,drugs_alcohol,417,neo_liver,296144,9023,0,continuous,gday,0.993251773010283,0.614590517360282,0,0,22.8,34.2,0,0,1
20,102,drugs_alcohol,417,neo_liver,296159,9023,0,continuous,gday,0.325988906606368,0.311728236568887,0,9,70,105,0,1,1
21,102,drugs_alcohol,417,neo_liver,296159,9023,0,continuous,gday,0.287657072139276,0.316780166460555,0,9,40,69,0,1,1
22,102,drugs_alcohol,417,neo_liver,296160,9023,0,continuous,gday,1.67397018355214,0.730287060642122,0,0,80,120,0,1,1
23,102,drugs_alcohol,417,neo_liver,296160,9023,0,continuous,gday,1.47329740474146,0.768703739300017,0,0,61,80,0,1,1
24,102,drugs_alcohol,417,neo_liver,296160,9023,0,continuous,gday,1.18561533228968,0.719510536888054,0,0,41,60,0,1,1
25,102,drugs_alcohol,417,neo_liver,296133,9023,0,continuous,gday,0.806475865866949,0.216396901932444,0,0,20,30,0,0,0
26,102,drugs_alcohol,417,neo_liver,296133,9023,0,continuous,gday,0.00995033085316809,0.381320154110704,0,0,10,20,0,0,0
27,102,drugs_alcohol,417,neo_liver,296133,9023,0,continuous,gday,-0.23572233352107,0.149464706685293,0,0,1,10,0,0,0
28,102,drugs_alcohol,417,neo_liver,296154,9023,0,continuous,gday,0.858661619037519,0.417825471365978,0,0,42.606,63.909,0,0,1
29,102,drugs_alcohol,417,neo_liver,296134,9023,0,continuous,gday,-0.23572233352107,0.476866761115798,0,0,77.1428571428571,115.714285714286,1,0,1
30,102,drugs_alcohol,417,neo_liver,296148,9023,0,continuous,gday,1.50407739677627,0.601570138813484,0,0,63.2,94.8,0,1,1
31,102,drugs_alcohol,417,neo_liver,296142,9023,0,continuous,gday,2.9704144655697,0.72844170743621,0,0,85.32,127.98,0,0,1
32,102,drugs_alcohol,417,neo_liver,296134,9023,0,continuous,gday,0.0582689081239758,1.06549779009962,0,0,1.71428571428571,2.57142857142857,1,0,1
33,102,drugs_alcohol,417,neo_liver,296142,9023,0,continuous,gday,0.470003629245736,0.625256402579673,0,0,21.33,40.527,0,0,1
34,102,drugs_alcohol,417,neo_liver,296134,9023,0,continuous,gday,-0.0618754037180875,0.457081497252055,0,0,19.8571428571429,77.1428571428571,1,0,1
35,102,drugs_alcohol,417,neo_liver,296139,9023,0,continuous,gday,0.0861776962410524,0.176823260346925,0,0,100,150,0,0,1
36,102,drugs_alcohol,417,neo_liver,296139,9023,0,continuous,gday,-0.0512932943875506,0.122015926546028,0,0,50,99,0,0,1
37,102,drugs_alcohol,417,neo_liver,296139,9023,0,continuous,gday,-0.162518929497775,0.107105572847006,0,0,25,49,0,0,1
38,102,drugs_alcohol,417,neo_liver,296139,9023,0,continuous,gday,-0.22314355131421,0.091748870427773,0,0,1,24,0,0,1
39,102,drugs_alcohol,417,neo_liver,296134,9023,0,continuous,gday,-0.0943106794712413,0.450278372996401,0,0,0.142857142857143,19.7142857142857,1,0,1
40,102,drugs_alcohol,417,neo_liver,296140,9023,0,continuous,gday,0.0198026272961797,0.559681441834503,0,0,20,39,0,1,0
41,102,drugs_alcohol,417,neo_liver,296141,9023,0,continuous,gday,-0.356674943938732,0.286557372770021,0,0,0.789,41.817,0,0,1
42,102,drugs_alcohol,417,neo_liver,296141,9023,0,continuous,gday,0.385262400790645,0.21728372722872,0,0,63.909,95.8635,0,0,1
43,102,drugs_alcohol,417,neo_liver,296151,9023,0,continuous,gday,1.53901544813755,0.420383722770892,0,0,63.99,95.985,0,1,1
44,102,drugs_alcohol,417,neo_liver,298283,9023,0,continuous,gday,0.993251773010283,0.489010870454607,0,0,42.66,63.99,1,0,1
45,102,drugs_alcohol,417,neo_liver,296145,9023,0,continuous,gday,0.0953101798043249,0.0938073418687034,0,0,25,49.9,1,0,1
46,102,drugs_alcohol,417,neo_liver,296146,9023,0,continuous,gday,1.16315080980568,0.261697177139204,0,0,56,84,0,0,1
47,102,drugs_alcohol,417,neo_liver,296146,9023,0,continuous,gday,0.336472236621213,0.28025823690513,0,0,28,56,0,0,1
48,102,drugs_alcohol,417,neo_liver,296141,9023,0,continuous,gday,-0.127833371509885,0.193287168800387,0,0,42.606,63.12,0,0,1
49,102,drugs_alcohol,417,neo_liver,296140,9023,0,continuous,gday,1.47247205736094,0.554313079001406,0,0,40,60,0,1,0
50,102,drugs_alcohol,417,neo_liver,296141,9023,0,continuous,gday,0.0198026272961797,1.01110473535053,0,0,42.606,63.12,0,0,1
51,102,drugs_alcohol,417,neo_liver,296154,9023,0,continuous,gday,0.587786664902119,0.411843228047229,0,0,21.303,40.4757,0,0,1
52,102,drugs_alcohol,417,neo_liver,296149,9023,0,continuous,gday,0.215111379616945,0.322874074829407,0,0,0.0333333333333333,83.3333333333333,0,0,1
53,102,drugs_alcohol,417,neo_liver,296142,9023,0,continuous,gday,-0.22314355131421,0.673228910616137,0,0,42.66,61.857,0,0,1
54,102,drugs_alcohol,417,neo_liver,296156,9023,0,continuous,gday,1.4655675420144,0.418268740013598,1,79,80,120,0,1,1
55,102,drugs_alcohol,417,neo_liver,296141,9023,0,continuous,gday,-0.356674943938732,0.176823260346925,0,0,0.789,41.817,0,0,1
56,102,drugs_alcohol,417,neo_liver,296153,9023,0,continuous,gday,1.43508452528932,0.602628655024405,0,9,80,120,0,1,1
57,102,drugs_alcohol,417,neo_liver,296153,9023,0,continuous,gday,-0.105360515657826,0.39748587195065,0,9,10,79,0,1,1
58,102,drugs_alcohol,417,neo_liver,296158,9023,0,continuous,gday,1.31908561142644,1.64182057916427,0,0,34.6301369863014,71.4246575342466,0,0,1
59,102,drugs_alcohol,417,neo_liver,296146,9023,0,continuous,gday,-0.510825623765991,0.20686995311641,0,0,1,28,0,0,1
60,102,drugs_alcohol,417,neo_liver,296149,9023,0,continuous,gday,0.2390169004705,0.445595864248495,0,0,83.3333333333333,166.666666666667,0,0,1
61,102,drugs_alcohol,417,neo_liver,296148,9023,0,continuous,gday,0.53062825106217,0.360636054925512,0,0,0.79,63.2,0,1,1
62,102,drugs_alcohol,417,neo_liver,296149,9023,0,continuous,gday,1.3244189574018,0.472911086172352,0,0,166.666666666667,250,0,0,1
63,102,drugs_alcohol,417,neo_liver,296142,9023,0,continuous,gday,2.16332302566054,0.701428368371194,0,0,63.99,83.187,0,0,1
64,102,drugs_alcohol,417,neo_liver,296159,9023,0,continuous,gday,0.154179250847674,0.25843725193481,0,9,10,39,0,1,1
65,102,drugs_alcohol,417,neo_liver,296142,9023,0,continuous,gday,1.41098697371026,0.669894195930588,0,0,0,19.197,0,0,1
66,102,drugs_alcohol,417,neo_liver,296143,9023,0,continuous,gday,1.01884732019925,0.316382804775071,0,0,50,75,0,0,1
67,102,drugs_alcohol,417,neo_liver,298283,9023,0,continuous,gday,0.693147180559945,0.472546962001145,0,0,1,40.527,1,0,1
68,102,drugs_alcohol,417,neo_liver,296143,9023,0,continuous,gday,0.0861776962410524,0.185079710474994,0,0,1,50,0,0,1
69,102,drugs_alcohol,417,neo_liver,296151,9023,0,continuous,gday,0.0288789595503768,1.5680673418093,0,0,63.99,95.985,0,1,1
70,102,drugs_alcohol,417,neo_liver,296145,9023,0,continuous,gday,0.182321556793955,0.103434976558205,0,0,50,99.9,1,0,1
71,102,drugs_alcohol,417,neo_liver,296160,9023,0,continuous,gday,0.169911536717273,0.70543132790623,0,0,21,40,0,1,1
72,102,drugs_alcohol,417,neo_liver,296145,9023,0,continuous,gday,0,0.0511915039444263,0,0,1,24.9,1,0,1
73,102,drugs_alcohol,417,neo_liver,296160,9023,0,continuous,gday,0.351431219615679,0.683265056327123,0,0,1,20,0,1,1
74,102,drugs_alcohol,417,neo_liver,296151,9023,0,continuous,gday,-1.14507516307845,0.76807248490414,0,0,21.33,42.66,0,1,1
75,102,drugs_alcohol,417,neo_liver,296156,9023,0,continuous,gday,0.845868267577609,1.57355477253533,1,39,40,60,0,1,1
76,102,drugs_alcohol,417,neo_liver,296151,9023,0,continuous,gday,-0.0202027073175195,0.421032126571805,0,0,21.33,42.66,0,1,1
77,102,drugs_alcohol,417,neo_liver,528719,9023,0,continuous,gday,0.2390169004705,0.210887391118487,1,60,61,100,0,0,0
78,102,drugs_alcohol,417,neo_liver,528719,9023,0,continuous,gday,0.912282710476616,0.189128439163119,1,60,101,151.5,0,0,0
79,102,drugs_alcohol,417,neo_liver,528728,9023,0,continuous,gday,0.182321556793955,0.220662611603726,1,60,61,100,0,0,0
80,102,drugs_alcohol,417,neo_liver,528728,9023,0,continuous,gday,0.955511445027436,0.218282170933092,1,60,101,151.5,0,0,0
81,102,drugs_alcohol,417,neo_liver,528730,9023,0,continuous,gday,0.587786664902119,0.339065292673455,1,40,41,80,0,0,0
82,102,drugs_alcohol,417,neo_liver,528730,9023,0,continuous,gday,1.96009478404727,0.307135919470902,1,40,81,121.5,0,0,0
83,102,drugs_alcohol,417,neo_liver,528733,9023,0,continuous,gday,1.50363285353712,0.453400908521536,1,49,50,75,0,0,0
84,102,drugs_alcohol,417,neo_liver,528921,9023,0,continuous,gday,1.22377543162212,0.740858438782781,0,1.42857142857143,2.85714285714286,4.28571428571429,0,0,0
85,102,drugs_alcohol,417,neo_liver,542884,9023,0,continuous,gday,0.048790164169432,0.0585649085827806,1.14285714285714,2.28571428571429,3.42857142857143,6.85714285714286,0,0,0
86,102,drugs_alcohol,417,neo_liver,542884,9023,0,continuous,gday,0.0582689081239758,0.057460867732395,1.14285714285714,2.28571428571429,8,16,0,0,0
87,102,drugs_alcohol,417,neo_liver,542884,9023,0,continuous,gday,0.173953307123438,0.104310113062488,1.14285714285714,2.28571428571429,17.1428571428571,25.7142857142857,0,0,0
88,102,drugs_alcohol,417,neo_liver,528708,9023,0,continuous,gday,0.657520002916794,0.297753457352714,1.42857142857143,5,0,1.42857142857143,0,0,0
89,102,drugs_alcohol,417,neo_liver,528708,9023,0,continuous,gday,0.0861776962410524,0.354824823208211,1.42857142857143,5,5,10,0,0,0
90,102,drugs_alcohol,417,neo_liver,528708,9023,0,continuous,gday,0.392042087776024,0.338076140442225,1.42857142857143,5,10,20,0,0,0
91,102,drugs_alcohol,417,neo_liver,528708,9023,0,continuous,gday,0.173953307123438,0.377145318884616,1.42857142857143,5,20,40,0,0,0
92,102,drugs_alcohol,417,neo_liver,528708,9023,0,continuous,gday,1.10525683138678,0.360821079079274,1.42857142857143,5,40,60,0,0,0
93,102,drugs_alcohol,417,neo_liver,527721,9023,0,continuous,gday,0.553885113226438,0.394786354264289,1.71428571428571,12.8571428571429,0,0,1,0,1
94,102,drugs_alcohol,417,neo_liver,527721,9023,0,continuous,gday,0.667829372575655,0.475710358225241,1.71428571428571,12.8571428571429,12.8585714285714,36,1,0,1
95,102,drugs_alcohol,417,neo_liver,527721,9023,0,continuous,gday,0.688134638736401,0.503395184500874,1.71428571428571,12.8571428571429,36.0014285714286,72,1,0,1
96,102,drugs_alcohol,417,neo_liver,527721,9023,0,continuous,gday,1.25276296849537,0.468368410975972,1.71428571428571,12.8571428571429,72.0014285714286,108.002142857143,1,0,1
97,102,drugs_alcohol,417,neo_liver,527737,9023,0,continuous,gday,-0.105360515657826,1.0903412430262,1,19,20,39,1,0,1
98,102,drugs_alcohol,417,neo_liver,527737,9023,0,continuous,gday,0.908258560176891,0.456660189078975,1,19,40,69,1,0,1
99,102,drugs_alcohol,417,neo_liver,527737,9023,0,continuous,gday,2.53449014997683,0.406952366694424,1,19,70,105,1,0,1
100,102,drugs_alcohol,417,neo_liver,450726,9023,0,continuous,gday,0.307484699747961,0.218997745149319,1,11.8,11.8,17.7,1,1,1
101,102,drugs_alcohol,417,neo_liver,328239,9023,0,continuous,gday,0.148420005118273,0.0638327831420614,0,0,0.142857142857143,17.7285714285714,1,0,1
102,102,drugs_alcohol,417,neo_liver,328239,9023,0,continuous,gday,0.22314355131421,0.0610279819045495,0,0,17.7428571428571,26.6142857142857,1,0,1
103,102,drugs_alcohol,417,neo_liver,528660,9023,0,continuous,gday,0.182321556793955,0.187359945587036,1,5.32,5.33,20.44,0,0,1
104,102,drugs_alcohol,417,neo_liver,528660,9023,0,continuous,gday,0.418710334858185,0.183942849152302,1,5.32,20.45,30.675,0,0,1
105,102,drugs_alcohol,417,neo_liver,332742,9023,0,continuous,gday,0.0295588022415444,0.0953996023083657,0,0,1,19.4,1,0,1
106,102,drugs_alcohol,417,neo_liver,332742,9023,0,continuous,gday,0.104360015324243,0.0959314344137426,0,0,19.5,46.1,1,0,1
107,102,drugs_alcohol,417,neo_liver,332742,9023,0,continuous,gday,0.231111720963387,0.0968085769655367,0,0,46.2,106.9,1,0,1
108,102,drugs_alcohol,417,neo_liver,332742,9023,0,continuous,gday,0.27002713721306,0.0947059058157712,0,0,107,160.5,1,0,1
109,102,drugs_alcohol,417,neo_liver,528664,9023,0,continuous,gday,0.631271776841858,0.243585144542976,1.7,1.7,0,0,0,0,1
110,102,drugs_alcohol,417,neo_liver,528664,9023,0,continuous,gday,0.0392207131532813,0.264707037979189,1.7,1.7,1,22.9,0,0,1
111,102,drugs_alcohol,417,neo_liver,528664,9023,0,continuous,gday,0.215111379616945,0.256510680000535,1.7,1.7,23,45.9,0,0,1
112,102,drugs_alcohol,417,neo_liver,528664,9023,0,continuous,gday,0.307484699747961,0.266232182206826,1.7,1.7,46,68.9,0,0,1
113,102,drugs_alcohol,417,neo_liver,528664,9023,0,continuous,gday,0.779324876800998,0.289682603025458,1.7,1.7,69,91.9,0,0,1
114,102,drugs_alcohol,417,neo_liver,528664,9023,0,continuous,gday,0.576613364303994,0.321493275567481,1.7,1.7,92,138,0,0,1
115,102,drugs_alcohol,417,neo_liver,528664,9023,0,continuous,gday,0.405465108108164,0.395336397380734,1.7,1.7,0,0,0,0,1
116,102,drugs_alcohol,417,neo_liver,528664,9023,0,continuous,gday,-0.150822889734584,0.613485699518996,1.7,1.7,1,22.9,0,0,1
117,102,drugs_alcohol,417,neo_liver,528664,9023,0,continuous,gday,1.28093384546206,0.552971316324626,1.7,1.7,23,45.9,0,0,1
118,102,drugs_alcohol,417,neo_liver,528666,9023,0,continuous,gday,-0.0943106794712413,0.0531635891778078,0,0,1,9,0,0,1
119,102,drugs_alcohol,417,neo_liver,528666,9023,0,continuous,gday,0.0392207131532813,0.0563751780492624,0,0,10,39,0,0,1
120,102,drugs_alcohol,417,neo_liver,528666,9023,0,continuous,gday,0.378436435720245,0.0713716563634356,0,0,40,60,0,0,1
121,102,drugs_alcohol,417,neo_liver,528676,9023,0,continuous,gday,1.31103187661934,0.297721491681246,1,70,70,105,0,1,1
122,102,drugs_alcohol,417,neo_liver,528682,9023,0,continuous,gday,0.65232518603969,0.184326802491387,0,0,1,60,0,0,1
123,102,drugs_alcohol,417,neo_liver,528682,9023,0,continuous,gday,1.3609765531356,0.297233591695082,0,0,60,90,0,0,1
124,102,drugs_alcohol,417,neo_liver,528692,9023,0,continuous,gday,0.727548607277278,0.136690542339645,1.71428571428571,42.8571428571429,61.7142857142857,92.5714285714286,0,0,1
125,102,drugs_alcohol,417,neo_liver,528698,9023,0,continuous,gday,1.1368710007852,0.521907729746752,1.71428571428571,24,25.7142857142857,38.5714285714286,1,0,1
126,102,drugs_alcohol,417,neo_liver,528702,9023,0,continuous,gday,-0.116533816255952,0.0201880919792663,0,0,1,9.9,0,0,1
127,102,drugs_alcohol,417,neo_liver,528702,9023,0,continuous,gday,-0.0618754037180875,0.0243138213786543,0,0,10,19.9,0,0,1
128,102,drugs_alcohol,417,neo_liver,528702,9023,0,continuous,gday,0.131028262406404,0.028994724100133,0,0,20,29.9,0,0,1
129,102,drugs_alcohol,417,neo_liver,528702,9023,0,continuous,gday,0.0953101798043249,0.055373598274956,0,0,30,49.9,0,0,1
130,102,drugs_alcohol,417,neo_liver,528702,9023,0,continuous,gday,0.371563556432483,0.0333597528528558,0,0,50,75,0,0,1
131,102,drugs_alcohol,417,neo_liver,528706,9023,0,continuous,gday,0.940007258491471,0.412798875612973,1,59,60,90,0,0,1
132,102,drugs_alcohol,417,neo_liver,528708,9023,0,continuous,gday,0.657520002916794,0.297753457352714,1.42857142857143,1.42857142857143,1.42857142857143,5,0,0,0
133,102,drugs_alcohol,417,neo_liver,528708,9023,0,continuous,gday,0.0861776962410524,0.354824823208211,1.42857142857143,1.42857142857143,5.14285714285714,10,0,0,0
134,102,drugs_alcohol,417,neo_liver,528708,9023,0,continuous,gday,0.392042087776024,0.338076140442225,1.42857142857143,1.42857142857143,10.1428571428571,20,0,0,0
135,102,drugs_alcohol,417,neo_liver,528708,9023,0,continuous,gday,0.173953307123438,0.377145318884616,1.42857142857143,1.42857142857143,20.1428571428571,40,0,0,0
136,102,drugs_alcohol,417,neo_liver,528708,9023,0,continuous,gday,1.10525683138678,0.360821079079274,1.42857142857143,1.42857142857143,40.1428571428571,60.2142857142857,0,0,0
137,102,drugs_alcohol,417,neo_liver,528717,9023,0,continuous,gday,-0.174353387144778,0.0542248576488961,0,0,1,9,0,0,1
138,102,drugs_alcohol,417,neo_liver,528717,9023,0,continuous,gday,-0.0408219945202552,0.0533397443516733,0,0,10,39,0,0,1
139,102,drugs_alcohol,417,neo_liver,528717,9023,0,continuous,gday,0.336472236621213,0.0691716251276965,0,0,40,60,0,0,1
140,102,drugs_alcohol,417,neo_liver,446868,9023,0,continuous,gday,-0.210721031315653,0.136812425782392,0,0,1,1.42857142857143,1,0,1
141,102,drugs_alcohol,417,neo_liver,446868,9023,0,continuous,gday,0.139761942375159,0.309553966398082,0,0,1.42857142857143,1.42857142857143,1,0,1
142,102,drugs_alcohol,417,neo_liver,446868,9023,0,continuous,gday,0.148420005118273,0.196993802049908,0,0,10,30,1,0,1
143,102,drugs_alcohol,417,neo_liver,446868,9023,0,continuous,gday,0.113328685307003,0.390151837949123,0,0,40,60,1,0,1
144,102,drugs_alcohol,417,neo_liver,528719,9023,0,continuous,gday,0.2390169004705,0.210887391118487,1,60,61,100,0,0,1
145,102,drugs_alcohol,417,neo_liver,528719,9023,0,continuous,gday,0.912282710476616,0.189128439163119,1,60,101,151.5,0,0,1
146,102,drugs_alcohol,417,neo_liver,528728,9023,0,continuous,gday,0.182321556793955,0.220662611603726,1,60,61,100,0,0,1
147,102,drugs_alcohol,417,neo_liver,528728,9023,0,continuous,gday,0.955511445027436,0.218282170933092,1,60,101,151.5,0,0,1
148,102,drugs_alcohol,417,neo_liver,528730,9023,0,continuous,gday,0.587786664902119,0.339065292673455,1,40,41,80,0,0,1
149,102,drugs_alcohol,417,neo_liver,528730,9023,0,continuous,gday,1.96009478404727,0.307135919470902,1,40,81,121.5,0,0,1
150,102,drugs_alcohol,417,neo_liver,528733,9023,0,continuous,gday,1.50363285353712,0.453400908521536,1,49,50,75,0,0,1
151,102,drugs_alcohol,417,neo_liver,125960,9023,0,continuous,gday,0.53062825106217,0.298487564451596,1,40,41,80,0,0,1
152,102,drugs_alcohol,417,neo_liver,125960,9023,0,continuous,gday,1.96009478404727,0.278175759701262,1,40,81,121.5,0,0,1
153,102,drugs_alcohol,417,neo_liver,125910,9023,0,continuous,gday,1.52605630349505,0.270630602215628,41,80,81,121.5,0,0,1
154,102,drugs_alcohol,417,neo_liver,293871,9023,0,continuous,gday,-0.105360515657826,0.176823260346925,0,0,40,80,0,0,1
155,102,drugs_alcohol,417,neo_liver,293871,9023,0,continuous,gday,0.587786664902119,0.0912434806815857,0,0,81,121.5,0,0,1
156,102,drugs_alcohol,417,neo_liver,328912,9023,0,continuous,gday,0.0861776962410524,0.261252490145456,0,0,0.1,13.4,1,0,1
157,102,drugs_alcohol,417,neo_liver,328912,9023,0,continuous,gday,0.104360015324243,0.260472973041387,0,0,13.5,29.9,1,0,1
158,102,drugs_alcohol,417,neo_liver,328912,9023,0,continuous,gday,0.113328685307003,0.261840815679495,0,0,30,45,1,0,1
159,102,drugs_alcohol,417,neo_liver,328912,9023,0,continuous,gday,0.182321556793955,0.42856328143876,0,0,2.7,6.9,1,0,1
160,102,drugs_alcohol,417,neo_liver,328912,9023,0,continuous,gday,0.703097511413113,0.361886557629646,0,0,7,10.5,1,0,1
161,102,drugs_alcohol,417,neo_liver,309634,9023,0,continuous,gday,0.322083499169113,0.252479132762493,0,0,1,23,0,0,1
162,102,drugs_alcohol,417,neo_liver,528921,9023,0,continuous,gday,1.22377543162212,0.740858438782781,0,0,2.85714285714286,4.28571428571429,0,1,1
163,102,drugs_alcohol,417,neo_liver,529003,9023,0,continuous,gday,0.62057648772511,0.313834320769049,1,39,0,0,0,1,1
164,102,drugs_alcohol,417,neo_liver,529003,9023,0,continuous,gday,0.73716406597672,0.755105660957121,1,39,40,60,0,1,1
165,102,drugs_alcohol,417,neo_liver,529018,9023,0,continuous,gday,-1.10866262452161,0.187680304841516,0,0,1,39,0,1,1
166,102,drugs_alcohol,417,neo_liver,529018,9023,0,continuous,gday,0.418710334858185,0.27446021367106,0,0,40,59,0,1,1
167,102,drugs_alcohol,417,neo_liver,529018,9023,0,continuous,gday,0.883767540168595,0.28634688012111,0,0,60,90,0,1,1
168,102,drugs_alcohol,417,neo_liver,529018,9023,0,continuous,gday,-0.083381608939051,0.180778409973447,0,0,1,39,0,1,1
169,102,drugs_alcohol,417,neo_liver,529018,9023,0,continuous,gday,0.824175442966349,0.253176554295847,0,0,40,59,0,1,1
170,102,drugs_alcohol,417,neo_liver,529018,9023,0,continuous,gday,0.832909122935104,0.236894924906632,0,0,60,90,0,1,1
171,102,drugs_alcohol,417,neo_liver,529049,9023,0,continuous,gday,0.104360015324243,0.0827142010677496,0,0,1,49,0,0,1
172,102,drugs_alcohol,417,neo_liver,529049,9023,0,continuous,gday,0.405465108108164,0.0777993799902658,0,0,50,75,0,0,1
173,102,drugs_alcohol,417,neo_liver,529049,9023,0,continuous,gday,0.104360015324243,0.0827142010677496,0,0,1,49,0,0,1
174,102,drugs_alcohol,417,neo_liver,529049,9023,0,continuous,gday,0.405465108108164,0.0777993799902658,0,0,50,75,0,0,1
175,102,drugs_alcohol,417,neo_liver,309634,9023,0,continuous,gday,0.322083499169113,0.252479132762493,0,0,0.00216438356164384,17.5315068493151,0,0,1
176,102,drugs_alcohol,417,neo_liver,309634,9023,0,continuous,gday,0.920282753143692,0.248145929280384,0,0,17.5315068493151,35.0630136986301,0,0,1
177,102,drugs_alcohol,417,neo_liver,309634,9023,0,continuous,gday,0.920282753143692,0.306024361978821,0,0,35.0630136986301,70.1260273972603,0,0,1
178,102,drugs_alcohol,417,neo_liver,309634,9023,0,continuous,gday,0.900161349944271,0.383693213463335,0,0,70.1260273972603,105.18904109589,0,0,1
179,102,drugs_alcohol,417,neo_liver,528690,9023,0,continuous,gday,0.942348266193445,0.37764752530637,1,20,20,30,0,0,1
180,102,drugs_alcohol,417,neo_liver,528735,9023,0,continuous,gday,0.0295588022415444,1.23620799455411,0,0,1.42857142857143,2.85714285714286,1,1,1
181,102,drugs_alcohol,417,neo_liver,528735,9023,0,continuous,gday,0.22314355131421,0.799444024329367,0,0,7.14285714285714,10.7142857142857,1,1,1
182,102,drugs_alcohol,417,neo_liver,528735,9023,0,continuous,gday,0.598836501088704,0.603288004165867,0,0,1.42857142857143,2.85714285714286,1,1,1
183,102,drugs_alcohol,417,neo_liver,528735,9023,0,continuous,gday,-0.0408219945202552,0.667559743069017,0,0,4.28571428571429,5.71428571428571,1,1,1
184,102,drugs_alcohol,417,neo_liver,528735,9023,0,continuous,gday,-0.579818495252942,0.436810024967808,0,0,7.14285714285714,10.7142857142857,1,1,1
185,102,drugs_alcohol,417,neo_liver,528735,9023,0,continuous,gday,0.854415328156068,1.12380385889592,0,0,7.14285714285714,10.7142857142857,1,1,1
186,102,drugs_alcohol,417,neo_liver,528766,9023,0,continuous,gday,0.512823626428664,0.176823260346925,10,60,70,105,0,0,1
187,102,drugs_alcohol,417,neo_liver,309634,9023,0,continuous,gday,0.920282753143692,0.248145929280384,0,0,10,20,0,0,1
188,102,drugs_alcohol,417,neo_liver,309634,9023,0,continuous,gday,0.920282753143692,0.306024361978821,0,0,30,40,0,0,1
189,102,drugs_alcohol,417,neo_liver,309634,9023,0,continuous,gday,0.900161349944271,0.383693213463335,0,0,30,40,0,0,1
190,102,drugs_alcohol,417,neo_liver,528658,9023,0,continuous,gday,0.536493370514568,0.113774257447379,1.4,14,0,0,0,0,1
191,102,drugs_alcohol,417,neo_liver,528658,9023,0,continuous,gday,-0.0304592074847086,0.158194399373739,1.4,14,14,42,0,0,1
192,102,drugs_alcohol,417,neo_liver,528658,9023,0,continuous,gday,0.65232518603969,0.154299636075068,1.4,14,56,84,0,0,1
193,102,drugs_alcohol,417,neo_liver,528662,9023,0,continuous,gday,-0.121264087493039,0.163913739325633,0,0,1,14,0,1,1
194,102,drugs_alcohol,417,neo_liver,528662,9023,0,continuous,gday,0.811996314398326,0.195036488770509,0,0,28,42,0,1,1
195,102,drugs_alcohol,417,neo_liver,364056,9023,0,continuous,gday,-0.261364764134408,0.0724346301890749,0,0,1,7,0,0,1
196,102,drugs_alcohol,417,neo_liver,364056,9023,0,continuous,gday,-0.562118918153541,0.129150461028094,0,0,7,14,0,0,1
197,102,drugs_alcohol,417,neo_liver,364056,9023,0,continuous,gday,-0.342490308946776,0.103434976558205,0,0,14,40.6,0,0,1
198,102,drugs_alcohol,417,neo_liver,364056,9023,0,continuous,gday,0.0392207131532813,0.138573222772712,0,0,42,68.6,0,0,1
199,102,drugs_alcohol,417,neo_liver,364056,9023,0,continuous,gday,0,0.200111887951365,0,0,70,96.6,0,0,1
200,102,drugs_alcohol,417,neo_liver,364056,9023,0,continuous,gday,0.625938430866495,0.143017460778013,0,0,98,147,0,0,1
