seq,rei_id,risk_id,cause_id,acause,study_id,bundle_id,bundle_version_id,risk_type,risk_unit,ln_rr,ln_rr_se,ref_risk_lower,ref_risk_upper,alt_risk_lower,alt_risk_upper,cov_incidence,cov_age,cov_inc
1,102,drugs_alcohol,495,cvd_stroke_isch,324091,9023,0,continuous,gday,-0.020202707,0.108760891,0,0.930952381,0,5.585714286,0,1,1
2,102,drugs_alcohol,495,cvd_stroke_isch,431103,9023,0,continuous,gday,0.058268908,0.052636845,0.1,4.9,5,14.9,0,1,1
3,102,drugs_alcohol,495,cvd_stroke_isch,428833,9023,0,continuous,gday,0.463734016,0.77104931,0,0,50,60,0,1,1
4,102,drugs_alcohol,495,cvd_stroke_isch,431872,9023,0,continuous,gday,0.086177696,0.30585721,0,1.714285714,35.99999999,53.99999999,0,1,1
5,102,drugs_alcohol,495,cvd_stroke_isch,428455,9023,0,continuous,gday,-0.105360516,0.198845731,1.428571429,15.47142858,15.47142858,23.20714286,0,1,1
6,102,drugs_alcohol,495,cvd_stroke_isch,429889,9023,0,continuous,gday,-0.579818495,0.267037556,0,0,1.285714286,12.85714286,1,1,1
7,102,drugs_alcohol,495,cvd_stroke_isch,428455,9023,0,continuous,gday,0.314710745,0.13212834,0,1.428571429,1.428571429,15.47142858,0,1,1
8,102,drugs_alcohol,495,cvd_stroke_isch,428841,9023,0,continuous,gday,-0.020202707,0.031276103,0,1.428571429,40.00000001,60.00000002,0,1,1
9,102,drugs_alcohol,495,cvd_stroke_isch,309682,9023,0,continuous,gday,0,0.511697241,0,0,31.5696,47.3544,0,1,1
10,102,drugs_alcohol,495,cvd_stroke_isch,431103,9023,0,continuous,gday,0.3074847,0.105722903,0.1,4.9,60,90,0,1,1
11,102,drugs_alcohol,495,cvd_stroke_isch,298332,9023,0,continuous,gday,0.09531018,0.226352856,0,0,31.1171024,46.6756536,0,1,1
12,102,drugs_alcohol,495,cvd_stroke_isch,431872,9023,0,continuous,gday,0.139761942,0.111534134,0,1.714285714,35.99999999,53.99999999,0,1,1
13,102,drugs_alcohol,495,cvd_stroke_isch,432321,9023,0,continuous,gday,1.156881197,0.471831388,0,30,30,45,1,1,1
14,102,drugs_alcohol,495,cvd_stroke_isch,428833,9023,0,continuous,gday,-0.314710745,0.54412814,0,0,30,40,0,1,1
15,102,drugs_alcohol,495,cvd_stroke_isch,431872,9023,0,continuous,gday,-0.113328685,0.108064905,0,0,0,1.714285714,0,1,1
16,102,drugs_alcohol,495,cvd_stroke_isch,298323,9023,0,continuous,gday,-0.820980552,0.522370623,0,0,12,24,0,1,1
17,102,drugs_alcohol,495,cvd_stroke_isch,155207,9023,0,continuous,gday,-0.010050336,0.275821568,0,0,30,45,0,1,1
18,102,drugs_alcohol,495,cvd_stroke_isch,431103,9023,0,continuous,gday,0.058268908,0.052636845,0.1,4.9,5,14.9,0,1,1
19,102,drugs_alcohol,495,cvd_stroke_isch,431103,9023,0,continuous,gday,0.104360015,0.064110824,0.1,4.9,15,29.9,0,1,1
20,102,drugs_alcohol,495,cvd_stroke_isch,298320,9023,0,continuous,gday,-0.094310679,0.117227635,0,0,0,24,0,1,1
21,102,drugs_alcohol,495,cvd_stroke_isch,428833,9023,0,continuous,gday,-0.967584026,0.133807262,0,0,0,10,0,1,1
22,102,drugs_alcohol,495,cvd_stroke_isch,431872,9023,0,continuous,gday,-0.040821995,0.063443017,0,1.714285714,1.714285714,10.28571428,0,1,1
23,102,drugs_alcohol,495,cvd_stroke_isch,431103,9023,0,continuous,gday,0.104360015,0.064110824,0.1,4.9,15,29.9,0,1,1
24,102,drugs_alcohol,495,cvd_stroke_isch,429723,9023,0,continuous,gday,-0.086177696,0.079486631,0,0,0,6,0,1,1
25,102,drugs_alcohol,495,cvd_stroke_isch,431872,9023,0,continuous,gday,0.067658648,0.237526994,0,1.714285714,25.71428571,35.99999999,0,1,1
26,102,drugs_alcohol,495,cvd_stroke_isch,431103,9023,0,continuous,gday,0.058268908,0.052636845,0.1,4.9,5,14.9,0,1,1
27,102,drugs_alcohol,495,cvd_stroke_isch,431872,9023,0,continuous,gday,-0.15082289,0.114292021,0,1.714285714,12,24,0,1,1
28,102,drugs_alcohol,495,cvd_stroke_isch,431103,9023,0,continuous,gday,0.3074847,0.105722903,0.1,4.9,60,90,0,1,1
29,102,drugs_alcohol,495,cvd_stroke_isch,324091,9023,0,continuous,gday,0.270027137,0.179581147,0,0.930952381,33.51428572,50.27142857,0,1,1
30,102,drugs_alcohol,495,cvd_stroke_isch,431103,9023,0,continuous,gday,0.104360015,0.064110824,0.1,4.9,15,29.9,0,1,1
31,102,drugs_alcohol,495,cvd_stroke_isch,428293,9023,0,continuous,gday,-0.094310679,0.164955909,0,0,24.17000001,36.25500001,0,1,1
32,102,drugs_alcohol,495,cvd_stroke_isch,428841,9023,0,continuous,gday,-0.186329578,0.027522694,0,1.428571429,10,18.57142858,0,1,1
33,102,drugs_alcohol,495,cvd_stroke_isch,309682,9023,0,continuous,gday,0.357674444,0.351868799,0,0,11.8386,30.78036,0,1,1
34,102,drugs_alcohol,495,cvd_stroke_isch,429295,9023,0,continuous,gday,-0.693147181,0.280258237,0,0,2.85714286,9.985714296,0,1,1
35,102,drugs_alcohol,495,cvd_stroke_isch,429889,9023,0,continuous,gday,-0.478035801,0.339299654,0,0,14.14285715,27.00000001,1,1,1
36,102,drugs_alcohol,495,cvd_stroke_isch,309688,9023,0,continuous,gday,0.364643114,0.133055718,0,0,25.14285715,38.85714286,0,1,1
37,102,drugs_alcohol,495,cvd_stroke_isch,129944,9023,0,continuous,gday,0.412109651,0.102742705,0,0,60,90,1,1,1
38,102,drugs_alcohol,495,cvd_stroke_isch,298315,9023,0,continuous,gday,-0.261364764,0.337182612,0,0,14.2857143,55.71428577,0,1,1
39,102,drugs_alcohol,495,cvd_stroke_isch,428293,9023,0,continuous,gday,-0.15082289,0.065618078,0,0,0,10,0,1,1
40,102,drugs_alcohol,495,cvd_stroke_isch,324091,9023,0,continuous,gday,0.058268908,0.119138521,0,0.930952381,7.447619048,31.65238095,0,1,1
41,102,drugs_alcohol,495,cvd_stroke_isch,431103,9023,0,continuous,gday,0.113328685,0.072729956,0.1,4.9,30,59.9,0,1,1
42,102,drugs_alcohol,495,cvd_stroke_isch,309688,9023,0,continuous,gday,0.2390169,0.191078479,0,0,25.14285715,38.85714286,1,1,1
43,102,drugs_alcohol,495,cvd_stroke_isch,431103,9023,0,continuous,gday,0.113328685,0.072729956,0.1,4.9,30,59.9,0,1,1
44,102,drugs_alcohol,495,cvd_stroke_isch,428293,9023,0,continuous,gday,-0.020202707,0.105552018,0,0,11.42857143,24.17000001,0,1,1
45,102,drugs_alcohol,495,cvd_stroke_isch,428293,9023,0,continuous,gday,-0.094310679,0.164955909,0,0,24.17000001,36.25500001,0,1,1
46,102,drugs_alcohol,495,cvd_stroke_isch,298317,9023,0,continuous,gday,1.483874689,0.712505296,0,0,42.8571429,64.28571435,0,1,1
47,102,drugs_alcohol,495,cvd_stroke_isch,309688,9023,0,continuous,gday,-0.186329578,0.12715346,0,0,9.142857144,16,0,1,1
48,102,drugs_alcohol,495,cvd_stroke_isch,309688,9023,0,continuous,gday,0.207014169,0.199880419,0,0,17.14285715,24,0,1,1
49,102,drugs_alcohol,495,cvd_stroke_isch,429295,9023,0,continuous,gday,-0.510825624,0.353646521,0,0,10.00000001,15.00000002,0,1,1
50,102,drugs_alcohol,495,cvd_stroke_isch,432126,9023,0,continuous,gday,0.076961041,0.392605982,0,0,8.00000001,12.00000002,0,1,1
51,102,drugs_alcohol,495,cvd_stroke_isch,429889,9023,0,continuous,gday,-0.597837001,0.337182612,0,0,27.00000001,40.50000001,1,1,1
52,102,drugs_alcohol,495,cvd_stroke_isch,428293,9023,0,continuous,gday,-0.15082289,0.065618078,0,0,0,10,0,1,1
53,102,drugs_alcohol,495,cvd_stroke_isch,309696,9023,0,continuous,gday,0.129272336,0.870023931,0,11,11,22,1,1,1
54,102,drugs_alcohol,495,cvd_stroke_isch,431103,9023,0,continuous,gday,0.3074847,0.105722903,0.1,4.9,60,90,0,1,1
55,102,drugs_alcohol,495,cvd_stroke_isch,428841,9023,0,continuous,gday,-0.139262067,0.193287169,0,1.428571429,30.00000001,38.57142858,0,1,1
56,102,drugs_alcohol,495,cvd_stroke_isch,324091,9023,0,continuous,gday,0.058268908,0.119138521,0,0.930952381,7.447619048,31.65238095,0,1,1
57,102,drugs_alcohol,495,cvd_stroke_isch,324091,9023,0,continuous,gday,-0.020202707,0.108760891,0,0.930952381,0,5.585714286,0,1,1
58,102,drugs_alcohol,495,cvd_stroke_isch,428841,9023,0,continuous,gday,-0.15082289,0.014922502,0,1.428571429,1.428571429,8.571428574,0,1,1
59,102,drugs_alcohol,495,cvd_stroke_isch,298317,9023,0,continuous,gday,-0.15082289,0.474013913,0,0,21.42857145,42.8571429,0,1,1
60,102,drugs_alcohol,495,cvd_stroke_isch,429295,9023,0,continuous,gday,-0.223143551,0.24375292,0,0,0.014285714,2.842857146,0,1,1
61,102,drugs_alcohol,495,cvd_stroke_isch,309695,9023,0,continuous,gday,-0.510825624,0.410570896,0,0.913263429,1,20,0,1,1
62,102,drugs_alcohol,495,cvd_stroke_isch,309695,9023,0,continuous,gday,-0.223143551,0.337182612,0,0.913263429,21,41,0,1,1
63,102,drugs_alcohol,495,cvd_stroke_isch,309688,9023,0,continuous,gday,0.438254931,0.148966298,0,0,40.00000001,60.00000001,0,1,1
64,102,drugs_alcohol,495,cvd_stroke_isch,309695,9023,0,continuous,gday,0.530628251,0.31550067,0,0.913263429,70,105,0,1,1
65,102,drugs_alcohol,495,cvd_stroke_isch,309734,9023,0,continuous,gday,0.438254931,0.062450267,0,0,100.0000001,150.0000002,1,1,1
66,102,drugs_alcohol,495,cvd_stroke_isch,428293,9023,0,continuous,gday,-0.094310679,0.164955909,0,0,24.17000001,36.25500001,0,1,1
67,102,drugs_alcohol,495,cvd_stroke_isch,309688,9023,0,continuous,gday,0.182321557,0.151216325,0,0,1.142857143,8.000000001,1,1,1
68,102,drugs_alcohol,495,cvd_stroke_isch,428841,9023,0,continuous,gday,-0.174353387,0.027522694,0,1.428571429,20.00000001,28.57142858,0,1,1
69,102,drugs_alcohol,495,cvd_stroke_isch,431872,9023,0,continuous,gday,0.039220713,0.082537751,0,1.714285714,12,24,0,1,1
70,102,drugs_alcohol,495,cvd_stroke_isch,431103,9023,0,continuous,gday,0.104360015,0.064110824,0.1,4.9,15,29.9,0,1,1
71,102,drugs_alcohol,495,cvd_stroke_isch,431967,9023,0,continuous,gday,0.09531018,0.126125662,0,0,0,15,0,1,1
72,102,drugs_alcohol,495,cvd_stroke_isch,428293,9023,0,continuous,gday,-0.15082289,0.065618078,0,0,0,10,0,1,1
73,102,drugs_alcohol,495,cvd_stroke_isch,431872,9023,0,continuous,gday,0.076961041,0.105360284,0,1.714285714,25.71428571,35.99999999,0,1,1
74,102,drugs_alcohol,495,cvd_stroke_isch,429723,9023,0,continuous,gday,-0.030459207,0.074939061,0,6,6,12,0,1,1
75,102,drugs_alcohol,495,cvd_stroke_isch,429723,9023,0,continuous,gday,-0.072570693,0.102298663,0,6,12,24,0,1,1
76,102,drugs_alcohol,495,cvd_stroke_isch,429723,9023,0,continuous,gday,0.173953307,0.179992271,0,6,24,36,0,1,1
77,102,drugs_alcohol,495,cvd_stroke_isch,298315,9023,0,continuous,gday,-0.693147181,0.434884717,0,0,1.42857143,12.85714287,0,1,1
78,102,drugs_alcohol,495,cvd_stroke_isch,431103,9023,0,continuous,gday,-0.2390169,0.062333102,0,0.1,0.1,4.9,0,1,1
79,102,drugs_alcohol,495,cvd_stroke_isch,431872,9023,0,continuous,gday,0.048790164,0.074786107,0,1.714285714,1.714285714,10.28571428,0,1,1
80,102,drugs_alcohol,495,cvd_stroke_isch,309688,9023,0,continuous,gday,0.482426149,0.174595281,0,0,17.14285715,24,1,1,1
81,102,drugs_alcohol,495,cvd_stroke_isch,298322,9023,0,continuous,gday,-0.223143551,0.090988506,0,0,0.333333333,9.666666657,0,1,1
82,102,drugs_alcohol,495,cvd_stroke_isch,428293,9023,0,continuous,gday,-0.020202707,0.105552018,0,0,11.42857143,24.17000001,0,1,1
83,102,drugs_alcohol,495,cvd_stroke_isch,428293,9023,0,continuous,gday,-0.15082289,0.065618078,0,0,0,10,0,1,1
84,102,drugs_alcohol,495,cvd_stroke_isch,431865,9023,0,continuous,gday,-0.174353387,0.10838857,0,1.428571429,1.428571429,1.428571429,0,1,1
85,102,drugs_alcohol,495,cvd_stroke_isch,431865,9023,0,continuous,gday,0,0.088853749,0,1.428571429,2.857142858,5.714285716,0,1,1
86,102,drugs_alcohol,495,cvd_stroke_isch,432124,9023,0,continuous,gday,0.641853886,0.280258237,0,0,56.01078432,84.01617648,0,1,1
87,102,drugs_alcohol,495,cvd_stroke_isch,432126,9023,0,continuous,gday,-0.653926467,0.252196784,0,0,0,8.00000001,0,1,1
88,102,drugs_alcohol,495,cvd_stroke_isch,298332,9023,0,continuous,gday,0.182321557,0.206869953,0,0,11.6689134,30.33917484,0,1,1
89,102,drugs_alcohol,495,cvd_stroke_isch,429889,9023,0,continuous,gday,-0.446287103,0.264092519,0,0,1.285714286,9.000000002,1,1,1
90,102,drugs_alcohol,495,cvd_stroke_isch,155207,9023,0,continuous,gday,0.254642218,0.25627126,0,0,15,29.9,0,1,1
91,102,drugs_alcohol,495,cvd_stroke_isch,432168,9023,0,continuous,gday,0.21511138,0.364060295,0.142857143,30.00000003,30.00000003,45.00000005,0,1,1
92,102,drugs_alcohol,495,cvd_stroke_isch,309688,9023,0,continuous,gday,-0.15082289,0.172606602,0,0,9.142857144,16,1,1,1
93,102,drugs_alcohol,495,cvd_stroke_isch,431103,9023,0,continuous,gday,0.058268908,0.052636845,0.1,4.9,5,14.9,0,1,1
94,102,drugs_alcohol,495,cvd_stroke_isch,429908,9023,0,continuous,gday,0.451075619,1.572757079,0,0,40,60,0,1,1
95,102,drugs_alcohol,495,cvd_stroke_isch,431103,9023,0,continuous,gday,0.104360015,0.064110824,0.1,4.9,15,29.9,0,1,1
96,102,drugs_alcohol,495,cvd_stroke_isch,431103,9023,0,continuous,gday,0.113328685,0.072729956,0.1,4.9,30,59.9,0,1,1
97,102,drugs_alcohol,495,cvd_stroke_isch,357435,9023,0,continuous,gday,1.205970807,0.304152236,0,0,17.14285715,51.42857144,0,1,1
98,102,drugs_alcohol,495,cvd_stroke_isch,298313,9023,0,continuous,gday,0.620576488,0.378220783,0,0,14.2857143,42.71428576,0,1,1
99,102,drugs_alcohol,495,cvd_stroke_isch,309682,9023,0,continuous,gday,0.300104592,0.326169303,0,0,31.5696,47.3544,0,1,1
100,102,drugs_alcohol,495,cvd_stroke_isch,309695,9023,0,continuous,gday,0.262364264,0.303465323,0,0.913263429,42,69,0,1,1
101,102,drugs_alcohol,495,cvd_stroke_isch,431103,9023,0,continuous,gday,0.3074847,0.105722903,0.1,4.9,60,90,0,1,1
102,102,drugs_alcohol,495,cvd_stroke_isch,430002,9023,0,continuous,gday,0.657520003,0.406432418,0,1.42857143,42.8571429,64.28571435,0,1,1
103,102,drugs_alcohol,495,cvd_stroke_isch,431872,9023,0,continuous,gday,0.010050336,0.071900804,0,0,0,1.714285714,0,1,1
104,102,drugs_alcohol,495,cvd_stroke_isch,431103,9023,0,continuous,gday,0.113328685,0.072729956,0.1,4.9,30,59.9,0,1,1
105,102,drugs_alcohol,495,cvd_stroke_isch,429908,9023,0,continuous,gday,-1.203972804,0.427647295,0,0,0,40,0,1,1
106,102,drugs_alcohol,495,cvd_stroke_isch,298330,9023,0,continuous,gday,0.292669614,0.143119698,0,0,46,68.9,1,1,1
107,102,drugs_alcohol,495,cvd_stroke_isch,298314,9023,0,continuous,gday,1.348073148,0.598099309,0,0,30,45,0,1,1
108,102,drugs_alcohol,495,cvd_stroke_isch,431103,9023,0,continuous,gday,0.113328685,0.072729956,0.1,4.9,30,59.9,0,1,1
109,102,drugs_alcohol,495,cvd_stroke_isch,428293,9023,0,continuous,gday,-0.15082289,0.065618078,0,0,0,10,0,1,1
110,102,drugs_alcohol,495,cvd_stroke_isch,129944,9023,0,continuous,gday,0,0.073388284,0,0,20,20,1,1,1
111,102,drugs_alcohol,495,cvd_stroke_isch,129944,9023,0,continuous,gday,0.300104592,0.107306099,0,0,40,40,1,1,1
112,102,drugs_alcohol,495,cvd_stroke_isch,129944,9023,0,continuous,gday,0.2390169,0.164029948,0,0,50,50,1,1,1
113,102,drugs_alcohol,495,cvd_stroke_isch,298315,9023,0,continuous,gday,0.727548607,0.421664037,0,0,57.1428572,85.7142858,0,1,1
114,102,drugs_alcohol,495,cvd_stroke_isch,298323,9023,0,continuous,gday,0.131028262,0.484538299,0,0,24,36,0,1,1
115,102,drugs_alcohol,495,cvd_stroke_isch,429803,9023,0,continuous,gday,-0.544727175,0.158374112,0,0,0,15,1,1,1
116,102,drugs_alcohol,495,cvd_stroke_isch,429803,9023,0,continuous,gday,-0.494296322,0.227121236,0,0,15,22.5,1,1,1
117,102,drugs_alcohol,495,cvd_stroke_isch,428518,9023,0,continuous,gday,-0.210721031,0.24375292,0,0,14.42857144,35.71428575,0,1,1
118,102,drugs_alcohol,495,cvd_stroke_isch,428518,9023,0,continuous,gday,0.198850859,0.296017767,0,0,35.71428575,53.57142863,0,1,1
119,102,drugs_alcohol,495,cvd_stroke_isch,432120,9023,0,continuous,gday,0.565313809,0.411859293,0,0,21.57142859,42.8571429,0,1,1
120,102,drugs_alcohol,495,cvd_stroke_isch,432120,9023,0,continuous,gday,1.593308531,0.559824202,0,0,42.8571429,64.28571435,0,1,1
121,102,drugs_alcohol,495,cvd_stroke_isch,432124,9023,0,continuous,gday,0.262364264,0.293343261,0,0,0,56.01078432,0,1,1
122,102,drugs_alcohol,495,cvd_stroke_isch,431103,9023,0,continuous,gday,0.104360015,0.064110824,0.1,4.9,15,29.9,0,1,1
123,102,drugs_alcohol,495,cvd_stroke_isch,155207,9023,0,continuous,gday,-0.371063681,0.293015997,0,0,15,29.9,0,1,1
124,102,drugs_alcohol,495,cvd_stroke_isch,431103,9023,0,continuous,gday,-0.2390169,0.062333102,0,0.1,0.1,4.9,0,1,1
125,102,drugs_alcohol,495,cvd_stroke_isch,431103,9023,0,continuous,gday,-0.2390169,0.062333102,0,0.1,0.1,4.9,0,1,1
126,102,drugs_alcohol,495,cvd_stroke_isch,298320,9023,0,continuous,gday,0.431782416,0.180341965,0,0,60,90,0,1,1
127,102,drugs_alcohol,495,cvd_stroke_isch,431103,9023,0,continuous,gday,0.104360015,0.064110824,0.1,4.9,15,29.9,0,1,1
128,102,drugs_alcohol,495,cvd_stroke_isch,432168,9023,0,continuous,gday,0.094310679,0.280258237,0,0,0.142857143,30.00000003,0,1,1
129,102,drugs_alcohol,495,cvd_stroke_isch,429434,9023,0,continuous,gday,-0.127833372,0.07506109,0,0,0,4.9,0,1,1
130,102,drugs_alcohol,495,cvd_stroke_isch,324091,9023,0,continuous,gday,-0.020202707,0.108760891,0,0.930952381,0,5.585714286,0,1,1
131,102,drugs_alcohol,495,cvd_stroke_isch,309682,9023,0,continuous,gday,0.157003749,0.252447334,0,0,0.78924,11.04936,0,1,1
132,102,drugs_alcohol,495,cvd_stroke_isch,309688,9023,0,continuous,gday,0.182321557,0.113848751,0,0,1.142857143,8.000000001,0,1,1
133,102,drugs_alcohol,495,cvd_stroke_isch,431103,9023,0,continuous,gday,0.058268908,0.052636845,0.1,4.9,5,14.9,0,1,1
134,102,drugs_alcohol,495,cvd_stroke_isch,431103,9023,0,continuous,gday,0.104360015,0.064110824,0.1,4.9,15,29.9,0,1,1
135,102,drugs_alcohol,495,cvd_stroke_isch,431103,9023,0,continuous,gday,0.113328685,0.072729956,0.1,4.9,30,59.9,0,1,1
136,102,drugs_alcohol,495,cvd_stroke_isch,428293,9023,0,continuous,gday,-0.094310679,0.164955909,0,0,24.17000001,36.25500001,0,1,1
137,102,drugs_alcohol,495,cvd_stroke_isch,309682,9023,0,continuous,gday,0.173953307,0.498823697,0,0,11.8386,30.78036,0,1,1
138,102,drugs_alcohol,495,cvd_stroke_isch,431103,9023,0,continuous,gday,0.113328685,0.072729956,0.1,4.9,30,59.9,0,1,1
139,102,drugs_alcohol,495,cvd_stroke_isch,373187,9023,0,continuous,gday,-0.061875404,0.078908482,0,0,5.142857148,24.64483535,0,1,1
140,102,drugs_alcohol,495,cvd_stroke_isch,298323,9023,0,continuous,gday,-0.261364764,0.24416141,0,0,0,12,0,1,1
141,102,drugs_alcohol,495,cvd_stroke_isch,298330,9023,0,continuous,gday,-0.210721031,0.161222642,0,0,0.1,22.9,1,1,1
142,102,drugs_alcohol,495,cvd_stroke_isch,298314,9023,0,continuous,gday,-0.061875404,0.619055424,0,0,10,20,0,1,1
143,102,drugs_alcohol,495,cvd_stroke_isch,431657,9023,0,continuous,gday,-1.771956842,0.339065293,0,0,1.142857143,10.28571429,0,1,1
144,102,drugs_alcohol,495,cvd_stroke_isch,428293,9023,0,continuous,gday,-0.094310679,0.164955909,0,0,24.17000001,36.25500001,0,1,1
145,102,drugs_alcohol,495,cvd_stroke_isch,431103,9023,0,continuous,gday,0.104360015,0.064110824,0.1,4.9,15,29.9,0,1,1
146,102,drugs_alcohol,495,cvd_stroke_isch,431103,9023,0,continuous,gday,0.113328685,0.072729956,0.1,4.9,30,59.9,0,1,1
147,102,drugs_alcohol,495,cvd_stroke_isch,428293,9023,0,continuous,gday,-0.020202707,0.105552018,0,0,11.42857143,24.17000001,0,1,1
148,102,drugs_alcohol,495,cvd_stroke_isch,428293,9023,0,continuous,gday,-0.094310679,0.164955909,0,0,24.17000001,36.25500001,0,1,1
149,102,drugs_alcohol,495,cvd_stroke_isch,431103,9023,0,continuous,gday,0.113328685,0.072729956,0.1,4.9,30,59.9,0,1,1
150,102,drugs_alcohol,495,cvd_stroke_isch,431103,9023,0,continuous,gday,0.3074847,0.105722903,0.1,4.9,60,90,0,1,1
151,102,drugs_alcohol,495,cvd_stroke_isch,298315,9023,0,continuous,gday,-0.342490309,0.300677295,0,0,1.42857143,12.85714287,0,1,1
152,102,drugs_alcohol,495,cvd_stroke_isch,298315,9023,0,continuous,gday,-0.798507696,0.457081497,0,0,14.2857143,55.71428577,0,1,1
153,102,drugs_alcohol,495,cvd_stroke_isch,298315,9023,0,continuous,gday,1.605429891,1.309777236,0,0,57.1428572,85.7142858,0,1,1
154,102,drugs_alcohol,495,cvd_stroke_isch,428518,9023,0,continuous,gday,0.067658648,0.215626265,0,0,0.142857143,14.2857143,0,1,1
155,102,drugs_alcohol,495,cvd_stroke_isch,428293,9023,0,continuous,gday,-0.094310679,0.164955909,0,0,24.17000001,36.25500001,0,1,1
156,102,drugs_alcohol,495,cvd_stroke_isch,298317,9023,0,continuous,gday,-0.616186139,0.337182612,0,0,0,21.42857145,0,1,1
157,102,drugs_alcohol,495,cvd_stroke_isch,298328,9023,0,continuous,gday,0.09531018,0.19149771,0,0,28.00539216,42.00808823,0,1,1
158,102,drugs_alcohol,495,cvd_stroke_isch,428293,9023,0,continuous,gday,-0.094310679,0.164955909,0,0,24.17000001,36.25500001,0,1,1
159,102,drugs_alcohol,495,cvd_stroke_isch,155207,9023,0,continuous,gday,-0.186329578,0.14626173,0,0,0.1,4.9,0,1,1
160,102,drugs_alcohol,495,cvd_stroke_isch,298332,9023,0,continuous,gday,0,0.17682326,0,0,0.77792756,10.89098584,0,1,1
161,102,drugs_alcohol,495,cvd_stroke_isch,298320,9023,0,continuous,gday,0.157003749,0.12918886,0,0,24.1,60,0,1,1
162,102,drugs_alcohol,495,cvd_stroke_isch,324087,9023,0,continuous,gday,0.262364264,0.323252986,0,0.434444444,26.06666664,39.09999996,0,1,1
163,102,drugs_alcohol,495,cvd_stroke_isch,428833,9023,0,continuous,gday,-0.673344553,0.3089516,0,0,10,20,0,1,1
164,102,drugs_alcohol,495,cvd_stroke_isch,431103,9023,0,continuous,gday,0.058268908,0.052636845,0.1,4.9,5,14.9,0,1,1
165,102,drugs_alcohol,495,cvd_stroke_isch,428293,9023,0,continuous,gday,-0.094310679,0.164955909,0,0,24.17000001,36.25500001,0,1,1
166,102,drugs_alcohol,495,cvd_stroke_isch,428293,9023,0,continuous,gday,-0.094310679,0.164955909,0,0,24.17000001,36.25500001,0,1,1
167,102,drugs_alcohol,495,cvd_stroke_isch,298322,9023,0,continuous,gday,-0.105360516,0.137499107,0,0,30,45,0,1,1
168,102,drugs_alcohol,495,cvd_stroke_isch,429434,9023,0,continuous,gday,-0.15082289,0.088853749,0,0,5,14.9,0,1,1
169,102,drugs_alcohol,495,cvd_stroke_isch,309688,9023,0,continuous,gday,0.593326845,0.198674139,0,0,40.00000001,60.00000001,1,1,1
170,102,drugs_alcohol,495,cvd_stroke_isch,431103,9023,0,continuous,gday,0.3074847,0.105722903,0.1,4.9,60,90,0,1,1
171,102,drugs_alcohol,495,cvd_stroke_isch,431103,9023,0,continuous,gday,0.3074847,0.105722903,0.1,4.9,60,90,0,1,1
172,102,drugs_alcohol,495,cvd_stroke_isch,431103,9023,0,continuous,gday,-0.2390169,0.062333102,0,0.1,0.1,4.9,0,1,1
173,102,drugs_alcohol,495,cvd_stroke_isch,431103,9023,0,continuous,gday,-0.2390169,0.062333102,0,0.1,0.1,4.9,0,1,1
174,102,drugs_alcohol,495,cvd_stroke_isch,309682,9023,0,continuous,gday,0.2390169,0.29423993,0,0,0.78924,11.04936,0,1,1
175,102,drugs_alcohol,495,cvd_stroke_isch,430002,9023,0,continuous,gday,0.385262401,0.35278323,0,1.42857143,14.2857143,42.8571429,0,1,1
176,102,drugs_alcohol,495,cvd_stroke_isch,373187,9023,0,continuous,gday,-0.223143551,0.095585064,0,0,0.142857143,5.000000005,0,1,1
177,102,drugs_alcohol,495,cvd_stroke_isch,298313,9023,0,continuous,gday,0.993251773,0.654846566,0,0,14.2857143,42.71428576,0,1,1
178,102,drugs_alcohol,495,cvd_stroke_isch,431103,9023,0,continuous,gday,0.3074847,0.105722903,0.1,4.9,60,90,0,1,1
179,102,drugs_alcohol,495,cvd_stroke_isch,431103,9023,0,continuous,gday,-0.2390169,0.062333102,0,0.1,0.1,4.9,0,1,1
180,102,drugs_alcohol,495,cvd_stroke_isch,324091,9023,0,continuous,gday,0.270027137,0.179581147,0,0.930952381,33.51428572,50.27142857,0,1,1
181,102,drugs_alcohol,495,cvd_stroke_isch,298330,9023,0,continuous,gday,-0.061875404,0.13867741,0,0,23,45.9,1,1,1
182,102,drugs_alcohol,495,cvd_stroke_isch,298330,9023,0,continuous,gday,0.329303747,0.194959975,0,0,69,103.5,1,1,1
183,102,drugs_alcohol,495,cvd_stroke_isch,431967,9023,0,continuous,gday,-0.328504067,0.311030683,0,0,15,30,0,1,1
184,102,drugs_alcohol,495,cvd_stroke_isch,129944,9023,0,continuous,gday,-0.248461359,0.071505603,0,0,10,10,1,1,1
185,102,drugs_alcohol,495,cvd_stroke_isch,324091,9023,0,continuous,gday,0.270027137,0.179581147,0,0.930952381,33.51428572,50.27142857,0,1,1
186,102,drugs_alcohol,495,cvd_stroke_isch,129944,9023,0,continuous,gday,0.139761942,0.097091082,0,0,30,30,1,1,1
187,102,drugs_alcohol,495,cvd_stroke_isch,431680,9023,0,continuous,gday,-0.261364764,0.153402967,0,0,0,1.428571429,0,1,1
188,102,drugs_alcohol,495,cvd_stroke_isch,428293,9023,0,continuous,gday,-0.15082289,0.065618078,0,0,0,10,0,1,1
189,102,drugs_alcohol,495,cvd_stroke_isch,428293,9023,0,continuous,gday,-0.020202707,0.105552018,0,0,11.42857143,24.17000001,0,1,1
190,102,drugs_alcohol,495,cvd_stroke_isch,428293,9023,0,continuous,gday,-0.094310679,0.164955909,0,0,24.17000001,36.25500001,0,1,1
191,102,drugs_alcohol,495,cvd_stroke_isch,431103,9023,0,continuous,gday,-0.2390169,0.062333102,0,0.1,0.1,4.9,0,1,1
192,102,drugs_alcohol,495,cvd_stroke_isch,428293,9023,0,continuous,gday,-0.15082289,0.065618078,0,0,0,10,0,1,1
193,102,drugs_alcohol,495,cvd_stroke_isch,428293,9023,0,continuous,gday,-0.020202707,0.105552018,0,0,11.42857143,24.17000001,0,1,1
194,102,drugs_alcohol,495,cvd_stroke_isch,298328,9023,0,continuous,gday,0.122217633,0.215160557,0,0,14.00269608,26.005007,0,1,1
195,102,drugs_alcohol,495,cvd_stroke_isch,432120,9023,0,continuous,gday,-0.020202707,0.233747636,0,0,0.142857143,21.42857145,0,1,1
196,102,drugs_alcohol,495,cvd_stroke_isch,431103,9023,0,continuous,gday,0.3074847,0.105722903,0.1,4.9,60,90,0,1,1
197,102,drugs_alcohol,495,cvd_stroke_isch,431103,9023,0,continuous,gday,0.058268908,0.052636845,0.1,4.9,5,14.9,0,1,1
198,102,drugs_alcohol,495,cvd_stroke_isch,155207,9023,0,continuous,gday,-0.274436846,0.172054859,0,0,5,14.9,0,1,1
199,102,drugs_alcohol,495,cvd_stroke_isch,428293,9023,0,continuous,gday,-0.094310679,0.164955909,0,0,24.17000001,36.25500001,0,1,1
200,102,drugs_alcohol,495,cvd_stroke_isch,431103,9023,0,continuous,gday,0.3074847,0.105722903,0.1,4.9,60,90,0,1,1
201,102,drugs_alcohol,495,cvd_stroke_isch,324087,9023,0,continuous,gday,-0.400477567,0.195530218,0,0.434444444,0.434444444,26.06666664,0,1,1
202,102,drugs_alcohol,495,cvd_stroke_isch,428293,9023,0,continuous,gday,-0.020202707,0.105552018,0,0,11.42857143,24.17000001,0,1,1
203,102,drugs_alcohol,495,cvd_stroke_isch,428293,9023,0,continuous,gday,-0.020202707,0.105552018,0,0,11.42857143,24.17000001,0,1,1
204,102,drugs_alcohol,495,cvd_stroke_isch,431103,9023,0,continuous,gday,0.058268908,0.052636845,0.1,4.9,5,14.9,0,1,1
205,102,drugs_alcohol,495,cvd_stroke_isch,298322,9023,0,continuous,gday,-0.223143551,0.130312659,0,0,10,20,0,1,1
206,102,drugs_alcohol,495,cvd_stroke_isch,298322,9023,0,continuous,gday,-0.356674944,0.201137082,0,0,30,45,0,1,1
207,102,drugs_alcohol,495,cvd_stroke_isch,431103,9023,0,continuous,gday,0.113328685,0.072729956,0.1,4.9,30,59.9,0,1,1
208,102,drugs_alcohol,495,cvd_stroke_isch,357435,9023,0,continuous,gday,1.057790294,0.211892391,0,0,0,17.14285715,0,1,1
209,102,drugs_alcohol,495,cvd_stroke_isch,298313,9023,0,continuous,gday,0.78845736,0.430203815,0,0,1.42857143,14.14285716,0,1,1
210,102,drugs_alcohol,495,cvd_stroke_isch,428293,9023,0,continuous,gday,-0.15082289,0.065618078,0,0,0,10,0,1,1
211,102,drugs_alcohol,495,cvd_stroke_isch,428293,9023,0,continuous,gday,-0.020202707,0.105552018,0,0,11.42857143,24.17000001,0,1,1
212,102,drugs_alcohol,495,cvd_stroke_isch,430002,9023,0,continuous,gday,-0.051293294,0.281799644,0,1.42857143,1.42857143,14.2857143,0,1,1
213,102,drugs_alcohol,495,cvd_stroke_isch,298313,9023,0,continuous,gday,0.518793793,0.384051755,0,0,42.8571429,64.28571435,0,1,1
214,102,drugs_alcohol,495,cvd_stroke_isch,298323,9023,0,continuous,gday,-0.261364764,0.24416141,0,0,0,12,0,1,1
215,102,drugs_alcohol,495,cvd_stroke_isch,431103,9023,0,continuous,gday,0.104360015,0.064110824,0.1,4.9,15,29.9,0,1,1
216,102,drugs_alcohol,495,cvd_stroke_isch,298313,9023,0,continuous,gday,0.570979547,1.037922213,0,0,42.8571429,64.28571435,0,1,1
217,102,drugs_alcohol,495,cvd_stroke_isch,428293,9023,0,continuous,gday,-0.020202707,0.105552018,0,0,11.42857143,24.17000001,0,1,1
218,102,drugs_alcohol,495,cvd_stroke_isch,298323,9023,0,continuous,gday,-0.820980552,0.522370623,0,0,12,24,0,1,1
219,102,drugs_alcohol,495,cvd_stroke_isch,429454,9023,0,continuous,gday,0.438254931,0.278361559,0,0,10,29.9,0,1,1
220,102,drugs_alcohol,495,cvd_stroke_isch,429454,9023,0,continuous,gday,0.09531018,0.37220758,0,0,30,45,0,1,1
221,102,drugs_alcohol,495,cvd_stroke_isch,431103,9023,0,continuous,gday,0.058268908,0.052636845,0.1,4.9,5,14.9,0,1,1
222,102,drugs_alcohol,495,cvd_stroke_isch,324091,9023,0,continuous,gday,-0.020202707,0.108760891,0,0.930952381,0,5.585714286,0,1,1
223,102,drugs_alcohol,495,cvd_stroke_isch,324091,9023,0,continuous,gday,0.058268908,0.119138521,0,0.930952381,7.447619048,31.65238095,0,1,1
224,102,drugs_alcohol,495,cvd_stroke_isch,431103,9023,0,continuous,gday,0.3074847,0.105722903,0.1,4.9,60,90,0,1,1
225,102,drugs_alcohol,495,cvd_stroke_isch,431103,9023,0,continuous,gday,0.3074847,0.105722903,0.1,4.9,60,90,0,1,1
226,102,drugs_alcohol,495,cvd_stroke_isch,431103,9023,0,continuous,gday,0.058268908,0.052636845,0.1,4.9,5,14.9,0,1,1
227,102,drugs_alcohol,495,cvd_stroke_isch,431680,9023,0,continuous,gday,-0.051293294,0.14275913,0,0,1.428571429,4.285714287,0,1,1
228,102,drugs_alcohol,495,cvd_stroke_isch,431680,9023,0,continuous,gday,-0.198450939,0.132730706,0,0,5.714285716,15,0,1,1
229,102,drugs_alcohol,495,cvd_stroke_isch,431680,9023,0,continuous,gday,-0.174353387,0.217469189,0,0,15,22.50000001,0,1,1
230,102,drugs_alcohol,495,cvd_stroke_isch,428293,9023,0,continuous,gday,-0.020202707,0.105552018,0,0,11.42857143,24.17000001,0,1,1
231,102,drugs_alcohol,495,cvd_stroke_isch,298331,9023,0,continuous,gday,0.067658648,0.153154451,0,0,20.00000002,42.71428576,0,1,1
232,102,drugs_alcohol,495,cvd_stroke_isch,428293,9023,0,continuous,gday,-0.15082289,0.065618078,0,0,0,10,0,1,1
233,102,drugs_alcohol,495,cvd_stroke_isch,428293,9023,0,continuous,gday,-0.020202707,0.105552018,0,0,11.42857143,24.17000001,0,1,1
234,102,drugs_alcohol,495,cvd_stroke_isch,431103,9023,0,continuous,gday,0.113328685,0.072729956,0.1,4.9,30,59.9,0,1,1
235,102,drugs_alcohol,495,cvd_stroke_isch,428293,9023,0,continuous,gday,-0.15082289,0.065618078,0,0,0,10,0,1,1
236,102,drugs_alcohol,495,cvd_stroke_isch,428833,9023,0,continuous,gday,-0.891598119,0.212065694,0,0,30,40,0,1,1
237,102,drugs_alcohol,495,cvd_stroke_isch,155207,9023,0,continuous,gday,0.336472237,0.248724064,0,0,30,45,0,1,1
238,102,drugs_alcohol,495,cvd_stroke_isch,155207,9023,0,continuous,gday,-0.162518929,0.219439098,0,0,5,14.9,0,1,1
239,102,drugs_alcohol,495,cvd_stroke_isch,428293,9023,0,continuous,gday,-0.15082289,0.065618078,0,0,0,10,0,1,1
240,102,drugs_alcohol,495,cvd_stroke_isch,428293,9023,0,continuous,gday,-0.020202707,0.105552018,0,0,11.42857143,24.17000001,0,1,1
241,102,drugs_alcohol,495,cvd_stroke_isch,428293,9023,0,continuous,gday,-0.15082289,0.065618078,0,0,0,10,0,1,1
242,102,drugs_alcohol,495,cvd_stroke_isch,298329,9023,0,continuous,gday,-0.139262067,0.072547749,0,0.4109589,12.5,35.71428572,0,1,1
243,102,drugs_alcohol,495,cvd_stroke_isch,430713,9023,0,continuous,gday,0.173953307,0.339679553,0,0,0.78924,7.10316,0,1,1
244,102,drugs_alcohol,495,cvd_stroke_isch,429966,9023,0,continuous,gday,0.336472237,0.29285843,1,33,34,51,0,1,1
245,102,drugs_alcohol,495,cvd_stroke_isch,429966,9023,0,continuous,gday,-0.048790164,0.228360665,0,0,1,33,0,1,1
246,102,drugs_alcohol,495,cvd_stroke_isch,298322,9023,0,continuous,gday,-0.105360516,0.115302327,0,0,0,0.333333333,0,1,1
247,102,drugs_alcohol,495,cvd_stroke_isch,298322,9023,0,continuous,gday,-0.105360516,0.115302327,0,0,0.333333333,9.666666657,0,1,1
248,102,drugs_alcohol,495,cvd_stroke_isch,298323,9023,0,continuous,gday,-0.261364764,0.24416141,0,0,0,12,0,1,1
249,102,drugs_alcohol,495,cvd_stroke_isch,428293,9023,0,continuous,gday,-0.020202707,0.105552018,0,0,11.42857143,24.17000001,0,1,1
250,102,drugs_alcohol,495,cvd_stroke_isch,298323,9023,0,continuous,gday,-0.820980552,0.522370623,0,0,12,24,0,1,1
251,102,drugs_alcohol,495,cvd_stroke_isch,298313,9023,0,continuous,gday,0.058268908,0.778243471,0,0,1.42857143,14.14285716,0,1,1
252,102,drugs_alcohol,495,cvd_stroke_isch,428293,9023,0,continuous,gday,-0.094310679,0.164955909,0,0,24.17000001,36.25500001,0,1,1
253,102,drugs_alcohol,495,cvd_stroke_isch,309734,9023,0,continuous,gday,0.19062036,0.063049003,0,0,60.00000006,99.85714296,1,1,1
254,102,drugs_alcohol,495,cvd_stroke_isch,373187,9023,0,continuous,gday,0.09531018,0.14581428,0,0,24.78769249,37.18153873,0,1,1
255,102,drugs_alcohol,495,cvd_stroke_isch,428293,9023,0,continuous,gday,-0.094310679,0.164955909,0,0,24.17000001,36.25500001,0,1,1
256,102,drugs_alcohol,495,cvd_stroke_isch,432105,9023,0,continuous,gday,1.386294361,0.989536518,0,42.8571429,42.8571429,64.28571435,0,1,1
257,102,drugs_alcohol,495,cvd_stroke_isch,430713,9023,0,continuous,gday,-0.261364764,0.263053829,0,0,7.8924,11.8386,0,1,1
258,102,drugs_alcohol,495,cvd_stroke_isch,431657,9023,0,continuous,gday,0.131028262,0.380524203,0,0,11.42857143,24,0,1,1
259,102,drugs_alcohol,495,cvd_stroke_isch,428293,9023,0,continuous,gday,-0.020202707,0.105552018,0,0,11.42857143,24.17000001,0,1,1
260,102,drugs_alcohol,495,cvd_stroke_isch,431967,9023,0,continuous,gday,0.418710335,0.119898885,0,0,30,45,0,1,1
261,102,drugs_alcohol,495,cvd_stroke_isch,428293,9023,0,continuous,gday,-0.15082289,0.065618078,0,0,0,10,0,1,1
262,102,drugs_alcohol,495,cvd_stroke_isch,428293,9023,0,continuous,gday,-0.020202707,0.105552018,0,0,11.42857143,24.17000001,0,1,1
263,102,drugs_alcohol,495,cvd_stroke_isch,298325,9023,0,continuous,gday,-0.223143551,0.337182612,0,0,0.1,11,0,1,1
264,102,drugs_alcohol,495,cvd_stroke_isch,431103,9023,0,continuous,gday,0.104360015,0.064110824,0.1,4.9,15,29.9,0,1,1
265,102,drugs_alcohol,495,cvd_stroke_isch,298325,9023,0,continuous,gday,-0.223143551,0.337182612,0,0,24,36,0,1,1
266,102,drugs_alcohol,495,cvd_stroke_isch,431103,9023,0,continuous,gday,0.113328685,0.072729956,0.1,4.9,30,59.9,0,1,1
267,102,drugs_alcohol,495,cvd_stroke_isch,431103,9023,0,continuous,gday,-0.2390169,0.062333102,0,0.1,0.1,4.9,0,1,1
268,102,drugs_alcohol,495,cvd_stroke_isch,431103,9023,0,continuous,gday,-0.2390169,0.062333102,0,0.1,0.1,4.9,0,1,1
269,102,drugs_alcohol,495,cvd_stroke_isch,298329,9023,0,continuous,gday,-0.061875404,0.104536931,0,0.4109589,1.785714286,10.71428572,0,1,1
270,102,drugs_alcohol,495,cvd_stroke_isch,298328,9023,0,continuous,gday,-0.287682072,0.16004995,0,0,2.000385154,12.00231092,0,1,1
271,102,drugs_alcohol,495,cvd_stroke_isch,298328,9023,0,continuous,gday,-0.127833372,0.143861084,0,0,0,2.000385154,0,1,1
272,102,drugs_alcohol,495,cvd_stroke_isch,431103,9023,0,continuous,gday,0.058268908,0.052636845,0.1,4.9,5,14.9,0,1,1
273,102,drugs_alcohol,495,cvd_stroke_isch,428293,9023,0,continuous,gday,-0.094310679,0.164955909,0,0,24.17000001,36.25500001,0,1,1
274,102,drugs_alcohol,495,cvd_stroke_isch,431103,9023,0,continuous,gday,0.104360015,0.064110824,0.1,4.9,15,29.9,0,1,1
275,102,drugs_alcohol,495,cvd_stroke_isch,431865,9023,0,continuous,gday,0.139761942,0.0997906,0,1.428571429,7.142857145,8.571428574,0,1,1
276,102,drugs_alcohol,495,cvd_stroke_isch,428293,9023,0,continuous,gday,-0.020202707,0.105552018,0,0,11.42857143,24.17000001,0,1,1
277,102,drugs_alcohol,495,cvd_stroke_isch,431103,9023,0,continuous,gday,0.113328685,0.072729956,0.1,4.9,30,59.9,0,1,1
278,102,drugs_alcohol,495,cvd_stroke_isch,431103,9023,0,continuous,gday,-0.2390169,0.062333102,0,0.1,0.1,4.9,0,1,1
279,102,drugs_alcohol,495,cvd_stroke_isch,298329,9023,0,continuous,gday,-0.010050336,0.092848311,0,0.4109589,62.50000001,93.75000002,0,1,1
280,102,drugs_alcohol,495,cvd_stroke_isch,431103,9023,0,continuous,gday,-0.2390169,0.062333102,0,0.1,0.1,4.9,0,1,1
281,102,drugs_alcohol,495,cvd_stroke_isch,298329,9023,0,continuous,gday,-0.15082289,0.093807342,0,0.4109589,37.50000001,60.71428572,0,1,1
282,102,drugs_alcohol,495,cvd_stroke_isch,428293,9023,0,continuous,gday,-0.020202707,0.105552018,0,0,11.42857143,24.17000001,0,1,1
283,102,drugs_alcohol,495,cvd_stroke_isch,298314,9023,0,continuous,gday,0.019802627,0.488818413,0,0,0,10,0,1,1
284,102,drugs_alcohol,495,cvd_stroke_isch,428293,9023,0,continuous,gday,-0.15082289,0.065618078,0,0,0,10,0,1,1
285,102,drugs_alcohol,495,cvd_stroke_isch,429434,9023,0,continuous,gday,-0.198450939,0.135126048,0,0,15,29.9,0,1,1
286,102,drugs_alcohol,495,cvd_stroke_isch,429434,9023,0,continuous,gday,0.157003749,0.13987659,0,0,30,45,0,1,1
287,102,drugs_alcohol,495,cvd_stroke_isch,431103,9023,0,continuous,gday,-0.2390169,0.062333102,0,0.1,0.1,4.9,0,1,1
288,102,drugs_alcohol,495,cvd_stroke_isch,428293,9023,0,continuous,gday,-0.15082289,0.065618078,0,0,0,10,0,1,1
289,102,drugs_alcohol,495,cvd_stroke_isch,309734,9023,0,continuous,gday,-0.010050336,0.061520933,0,0,0,20.00000002,1,1,1
290,102,drugs_alcohol,495,cvd_stroke_isch,431103,9023,0,continuous,gday,-0.2390169,0.062333102,0,0.1,0.1,4.9,0,1,1
291,102,drugs_alcohol,495,cvd_stroke_isch,298323,9023,0,continuous,gday,0.131028262,0.484538299,0,0,24,36,0,1,1
292,102,drugs_alcohol,495,cvd_stroke_isch,431103,9023,0,continuous,gday,0.058268908,0.052636845,0.1,4.9,5,14.9,0,1,1
293,102,drugs_alcohol,495,cvd_stroke_isch,309734,9023,0,continuous,gday,0.113328685,0.052337002,0,0,20.00000002,39.8571429,1,1,1
294,102,drugs_alcohol,495,cvd_stroke_isch,428293,9023,0,continuous,gday,-0.15082289,0.065618078,0,0,0,10,0,1,1
295,102,drugs_alcohol,495,cvd_stroke_isch,298325,9023,0,continuous,gday,-0.223143551,0.262658015,0,0,12,23,0,1,1
296,102,drugs_alcohol,495,cvd_stroke_isch,298325,9023,0,continuous,gday,-0.105360516,0.280258237,0,0,24,36,0,1,1
297,102,drugs_alcohol,495,cvd_stroke_isch,428293,9023,0,continuous,gday,-0.15082289,0.065618078,0,0,0,10,0,1,1
298,102,drugs_alcohol,495,cvd_stroke_isch,428293,9023,0,continuous,gday,-0.15082289,0.065618078,0,0,0,10,0,1,1
299,102,drugs_alcohol,495,cvd_stroke_isch,430713,9023,0,continuous,gday,-0.116533816,0.275304644,0,0,0.78924,22.88796,0,1,1
300,102,drugs_alcohol,495,cvd_stroke_isch,430713,9023,0,continuous,gday,0.262364264,0.308569081,0,0,23.6772,35.5158,0,1,1
301,102,drugs_alcohol,495,cvd_stroke_isch,298330,9023,0,continuous,gday,-1.021651248,0.707293041,0,0,23,45.9,1,1,1
302,102,drugs_alcohol,495,cvd_stroke_isch,428941,9023,0,continuous,gday,0.412109651,0.097237861,0,32,32,48,0,1,1
303,102,drugs_alcohol,495,cvd_stroke_isch,428941,9023,0,continuous,gday,-0.139262067,0.172675168,0,24,24,36,0,1,1
304,102,drugs_alcohol,495,cvd_stroke_isch,298325,9023,0,continuous,gday,-0.356674944,0.31958239,0,0,12,23,0,1,1
305,102,drugs_alcohol,495,cvd_stroke_isch,428293,9023,0,continuous,gday,-0.094310679,0.164955909,0,0,24.17000001,36.25500001,0,1,1
306,102,drugs_alcohol,495,cvd_stroke_isch,298325,9023,0,continuous,gday,-0.105360516,0.197242318,0,0,0.1,11,0,1,1
307,102,drugs_alcohol,495,cvd_stroke_isch,428833,9023,0,continuous,gday,-1.078809661,0.134207422,0,0,0,10,0,1,1
308,102,drugs_alcohol,495,cvd_stroke_isch,309734,9023,0,continuous,gday,0.131028262,0.051416561,0,0,40.00000004,59.85714292,1,1,1
309,102,drugs_alcohol,495,cvd_stroke_isch,431103,9023,0,continuous,gday,0.3074847,0.105722903,0.1,4.9,60,90,0,1,1
310,102,drugs_alcohol,495,cvd_stroke_isch,432083,9023,0,continuous,gday,-0.78845736,0.185188011,0,0,0,17.14285716,0,1,1
311,102,drugs_alcohol,495,cvd_stroke_isch,428293,9023,0,continuous,gday,-0.15082289,0.065618078,0,0,0,10,0,1,1
312,102,drugs_alcohol,495,cvd_stroke_isch,298331,9023,0,continuous,gday,-0.072570693,0.157340358,0,0,0.142857143,21.28571431,0,1,1
313,102,drugs_alcohol,495,cvd_stroke_isch,431103,9023,0,continuous,gday,0.104360015,0.064110824,0.1,4.9,15,29.9,0,1,1
314,102,drugs_alcohol,495,cvd_stroke_isch,428293,9023,0,continuous,gday,-0.094310679,0.164955909,0,0,24.17000001,36.25500001,0,1,1
315,102,drugs_alcohol,495,cvd_stroke_isch,298331,9023,0,continuous,gday,0.122217633,0.202354755,0,0,64.28571435,96.42857153,0,1,1
316,102,drugs_alcohol,495,cvd_stroke_isch,428833,9023,0,continuous,gday,-0.820980552,0.148221909,0,0,10,20,0,1,1
317,102,drugs_alcohol,495,cvd_stroke_isch,298283,9023,0,continuous,gday,0.336472237,0.269401192,0,0,0,42.61896,1,1,1
318,102,drugs_alcohol,495,cvd_stroke_isch,428833,9023,0,continuous,gday,0.09531018,0.180114945,0,0,50,60,0,1,1
319,102,drugs_alcohol,495,cvd_stroke_isch,155207,9023,0,continuous,gday,-0.430782916,0.234989011,0,0,0.1,4.9,0,1,1
320,102,drugs_alcohol,495,cvd_stroke_isch,298283,9023,0,continuous,gday,0.587786665,0.296722145,0,0,42.61896,63.92844,1,1,1
321,102,drugs_alcohol,495,cvd_stroke_isch,428833,9023,0,continuous,gday,0.343589704,0.212596051,0,0,70,105,0,1,1
322,102,drugs_alcohol,495,cvd_stroke_isch,428293,9023,0,continuous,gday,-0.094310679,0.164955909,0,0,24.17000001,36.25500001,0,1,1
323,102,drugs_alcohol,495,cvd_stroke_isch,428293,9023,0,continuous,gday,-0.094310679,0.164955909,0,0,24.17000001,36.25500001,0,1,1
324,102,drugs_alcohol,495,cvd_stroke_isch,298322,9023,0,continuous,gday,-0.356674944,0.149945578,0,0,10,20,0,1,1
325,102,drugs_alcohol,495,cvd_stroke_isch,298322,9023,0,continuous,gday,-0.105360516,0.115302327,0,0,0,0.333333333,0,1,1
326,102,drugs_alcohol,495,cvd_stroke_isch,431103,9023,0,continuous,gday,0.058268908,0.052636845,0.1,4.9,5,14.9,0,1,1
327,102,drugs_alcohol,495,cvd_stroke_isch,432248,9023,0,continuous,gday,1.965712776,0.86178772,0,0,120,180,0,1,1
328,102,drugs_alcohol,495,cvd_stroke_isch,324091,9023,0,continuous,gday,0.270027137,0.179581147,0,0.930952381,33.51428572,50.27142857,0,1,1
329,102,drugs_alcohol,495,cvd_stroke_isch,428293,9023,0,continuous,gday,-0.094310679,0.164955909,0,0,24.17000001,36.25500001,0,1,1
330,102,drugs_alcohol,495,cvd_stroke_isch,428293,9023,0,continuous,gday,-0.020202707,0.105552018,0,0,11.42857143,24.17000001,0,1,1
331,102,drugs_alcohol,495,cvd_stroke_isch,431103,9023,0,continuous,gday,0.104360015,0.064110824,0.1,4.9,15,29.9,0,1,1
332,102,drugs_alcohol,495,cvd_stroke_isch,431103,9023,0,continuous,gday,0.3074847,0.105722903,0.1,4.9,60,90,0,1,1
333,102,drugs_alcohol,495,cvd_stroke_isch,431865,9023,0,continuous,gday,0.076961041,0.08022789,0,1.428571429,10,15,0,1,1
334,102,drugs_alcohol,495,cvd_stroke_isch,298331,9023,0,continuous,gday,0.300104592,0.168808925,0,0,42.8571429,64.14285721,0,1,1
335,102,drugs_alcohol,495,cvd_stroke_isch,431103,9023,0,continuous,gday,-0.2390169,0.062333102,0,0.1,0.1,4.9,0,1,1
336,102,drugs_alcohol,495,cvd_stroke_isch,298323,9023,0,continuous,gday,0.131028262,0.484538299,0,0,24,36,0,1,1
337,102,drugs_alcohol,495,cvd_stroke_isch,431103,9023,0,continuous,gday,0.104360015,0.064110824,0.1,4.9,15,29.9,0,1,1
338,102,drugs_alcohol,495,cvd_stroke_isch,431103,9023,0,continuous,gday,-0.2390169,0.062333102,0,0.1,0.1,4.9,0,1,1
339,102,drugs_alcohol,495,cvd_stroke_isch,431657,9023,0,continuous,gday,2.136530509,0.438158181,0,0,25.14285715,37.71428572,0,1,1
340,102,drugs_alcohol,495,cvd_stroke_isch,324091,9023,0,continuous,gday,0.058268908,0.119138521,0,0.930952381,7.447619048,31.65238095,0,1,1
341,102,drugs_alcohol,495,cvd_stroke_isch,431103,9023,0,continuous,gday,0.113328685,0.072729956,0.1,4.9,30,59.9,0,1,1
342,102,drugs_alcohol,495,cvd_stroke_isch,431103,9023,0,continuous,gday,0.058268908,0.052636845,0.1,4.9,5,14.9,0,1,1
343,102,drugs_alcohol,495,cvd_stroke_isch,431103,9023,0,continuous,gday,-0.2390169,0.062333102,0,0.1,0.1,4.9,0,1,1
344,102,drugs_alcohol,495,cvd_stroke_isch,432248,9023,0,continuous,gday,1.786746927,0.625256403,0,0,41,120,0,1,1
345,102,drugs_alcohol,495,cvd_stroke_isch,432083,9023,0,continuous,gday,-0.587786665,0.255944416,0,0,0,25.71428574,0,1,1
346,102,drugs_alcohol,495,cvd_stroke_isch,431103,9023,0,continuous,gday,0.058268908,0.052636845,0.1,4.9,5,14.9,0,1,1
347,102,drugs_alcohol,495,cvd_stroke_isch,428293,9023,0,continuous,gday,-0.020202707,0.105552018,0,0,11.42857143,24.17000001,0,1,1
348,102,drugs_alcohol,495,cvd_stroke_isch,431103,9023,0,continuous,gday,0.3074847,0.105722903,0.1,4.9,60,90,0,1,1
349,102,drugs_alcohol,495,cvd_stroke_isch,298323,9023,0,continuous,gday,0.131028262,0.484538299,0,0,24,36,0,1,1
350,102,drugs_alcohol,495,cvd_stroke_isch,298330,9023,0,continuous,gday,0.887891257,0.58706264,0,0,46,69,1,1,1
351,102,drugs_alcohol,495,cvd_stroke_isch,431103,9023,0,continuous,gday,0.3074847,0.105722903,0.1,4.9,60,90,0,1,1
352,102,drugs_alcohol,495,cvd_stroke_isch,431103,9023,0,continuous,gday,0.104360015,0.064110824,0.1,4.9,15,29.9,0,1,1
353,102,drugs_alcohol,495,cvd_stroke_isch,429454,9023,0,continuous,gday,-0.356674944,0.282375278,0,0,0.1,9.9,0,1,1
354,102,drugs_alcohol,495,cvd_stroke_isch,432248,9023,0,continuous,gday,0.336472237,0.877002729,0,0,1,40,0,1,1
355,102,drugs_alcohol,495,cvd_stroke_isch,298323,9023,0,continuous,gday,-0.261364764,0.24416141,0,0,0,12,0,1,1
356,102,drugs_alcohol,495,cvd_stroke_isch,432248,9023,0,continuous,gday,2.05284086,1.047854538,0,0,40,60,0,1,1
357,102,drugs_alcohol,495,cvd_stroke_isch,298330,9023,0,continuous,gday,-0.248461359,0.220399212,0,0,0.1,22.9,1,1,1
358,102,drugs_alcohol,495,cvd_stroke_isch,431103,9023,0,continuous,gday,0.113328685,0.072729956,0.1,4.9,30,59.9,0,1,1
359,102,drugs_alcohol,495,cvd_stroke_isch,432248,9023,0,continuous,gday,-0.15082289,0.646856881,0,0,1,40,0,1,1
360,102,drugs_alcohol,495,cvd_stroke_isch,432083,9023,0,continuous,gday,0.470003629,0.188162996,0,25.71428574,43.00000004,61.42857149,0,1,1
361,102,drugs_alcohol,495,cvd_stroke_isch,428293,9023,0,continuous,gday,-0.020202707,0.105552018,0,0,11.42857143,24.17000001,0,1,1
362,102,drugs_alcohol,495,cvd_stroke_isch,428293,9023,0,continuous,gday,-0.094310679,0.164955909,0,0,24.17000001,36.25500001,0,1,1
363,102,drugs_alcohol,495,cvd_stroke_isch,298323,9023,0,continuous,gday,-0.820980552,0.522370623,0,0,12,24,0,1,1
364,102,drugs_alcohol,495,cvd_stroke_isch,428293,9023,0,continuous,gday,-0.15082289,0.065618078,0,0,0,10,0,1,1
365,102,drugs_alcohol,495,cvd_stroke_isch,428293,9023,0,continuous,gday,-0.15082289,0.065618078,0,0,0,10,0,1,1
366,102,drugs_alcohol,495,cvd_stroke_isch,431103,9023,0,continuous,gday,0.058268908,0.052636845,0.1,4.9,5,14.9,0,1,1
367,102,drugs_alcohol,495,cvd_stroke_isch,431103,9023,0,continuous,gday,0.113328685,0.072729956,0.1,4.9,30,59.9,0,1,1
368,102,drugs_alcohol,495,cvd_stroke_isch,428293,9023,0,continuous,gday,-0.020202707,0.105552018,0,0,11.42857143,24.17000001,0,1,1
369,102,drugs_alcohol,495,cvd_stroke_isch,531081,9023,0,continuous,gday,0.231111720963387,0.122462746198785,0,0,0.112857142857143,11.1728571428571,0,0,0
370,102,drugs_alcohol,495,cvd_stroke_isch,531081,9023,0,continuous,gday,0.139761942375159,0.129738751028565,0,0,11.2857142857143,16.9285714285714,0,0,0
371,102,drugs_alcohol,495,cvd_stroke_isch,531214,9023,0,continuous,gday,0.832909122935104,0.410570896029107,12,48,60,90,0,0,0
372,102,drugs_alcohol,495,cvd_stroke_isch,531025,9023,0,continuous,gday,0.765467842139571,0.429083827874728,3.42857142857143,5.14285714285714,6.85714285714286,12,1,0,1
373,102,drugs_alcohol,495,cvd_stroke_isch,531037,9023,0,continuous,gday,-0.342490308946776,0.0931412787205605,0,0,1,30,0,0,1
374,102,drugs_alcohol,495,cvd_stroke_isch,531037,9023,0,continuous,gday,0.165514438477573,0.201137081725579,0,0,1,30,0,0,1
375,102,drugs_alcohol,495,cvd_stroke_isch,531037,9023,0,continuous,gday,-0.22314355131421,0.0798703540758034,0,0,31,46.5,0,0,1
376,102,drugs_alcohol,495,cvd_stroke_isch,531037,9023,0,continuous,gday,0.0861776962410524,0.132128339677259,0,0,31,46.5,0,0,1
377,102,drugs_alcohol,495,cvd_stroke_isch,531053,9023,0,continuous,gday,-0.415515443961666,0.204280062436814,0,0,1,12,1,0,1
378,102,drugs_alcohol,495,cvd_stroke_isch,531053,9023,0,continuous,gday,-0.0725706928348354,0.21733948114454,0,0,13,36,1,0,1
379,102,drugs_alcohol,495,cvd_stroke_isch,531053,9023,0,continuous,gday,-0.356674943938732,0.35364652069385,0,0,37,55.5,1,0,1
380,102,drugs_alcohol,495,cvd_stroke_isch,526253,9023,0,continuous,gday,-0.0943106794712413,0.00560686395887124,0,0,0.142857142857143,14.8571428571429,1,0,0
381,102,drugs_alcohol,495,cvd_stroke_isch,526253,9023,0,continuous,gday,-0.0618754037180875,0.00809915773331128,0,0,15,29.8571428571429,1,0,0
382,102,drugs_alcohol,495,cvd_stroke_isch,526253,9023,0,continuous,gday,0.0392207131532813,0.00981282674178472,0,0,30,45,1,0,0
383,102,drugs_alcohol,495,cvd_stroke_isch,526263,9023,0,continuous,gday,-0.0100503358535015,0.0540418357296624,0,0,1,29,1,0,0
384,102,drugs_alcohol,495,cvd_stroke_isch,526263,9023,0,continuous,gday,0.398776119957368,0.146634171793214,0,0,30,45,1,0,0
385,102,drugs_alcohol,495,cvd_stroke_isch,525614,9023,0,continuous,gday,0.819779831493311,0.422648988018188,0,0,28.5714285714286,42.8571428571429,1,0,1
386,102,drugs_alcohol,495,cvd_stroke_isch,531206,9023,0,continuous,gday,-0.653926467406664,0.712152274798591,0.142857142857143,35.8571428571429,36,54,1,0,1
387,102,drugs_alcohol,495,cvd_stroke_isch,531206,9023,0,continuous,gday,0.46373401623214,0.230186831536594,0.142857142857143,35.8571428571429,36,54,1,0,1
388,102,drugs_alcohol,495,cvd_stroke_isch,531206,9023,0,continuous,gday,0.470003629245736,0.429792691243849,0.142857142857143,35.8571428571429,36,54,1,0,1
389,102,drugs_alcohol,495,cvd_stroke_isch,428498,9023,0,continuous,gday,0.2390169004705,0.0600655131498895,0.142857142857143,39.8571428571429,40,60,0,0,1
390,102,drugs_alcohol,495,cvd_stroke_isch,428498,9023,0,continuous,gday,-0.0202027073175195,0.0545946601405452,0.142857142857143,39.8571428571429,40,60,0,0,1
391,102,drugs_alcohol,495,cvd_stroke_isch,429710,9023,0,continuous,gday,-0.328504066972036,0.214591908295685,0,0.142857142857143,0,0,1,0,1
392,102,drugs_alcohol,495,cvd_stroke_isch,429710,9023,0,continuous,gday,-0.527632742082372,0.235122852170671,0,0.142857142857143,0.142857142857143,21.2857142857143,1,0,1
393,102,drugs_alcohol,495,cvd_stroke_isch,429710,9023,0,continuous,gday,-0.083381608939051,0.210102058407495,0,0.142857142857143,21.4285714285714,42.7142857142857,1,0,1
394,102,drugs_alcohol,495,cvd_stroke_isch,429710,9023,0,continuous,gday,-0.0618754037180875,0.225099280662876,0,0.142857142857143,42.8571428571429,64.1428571428571,1,0,1
395,102,drugs_alcohol,495,cvd_stroke_isch,429710,9023,0,continuous,gday,0.0295588022415444,0.215602905065962,0,0.142857142857143,64.2857142857143,96.4285714285714,1,0,1
396,102,drugs_alcohol,495,cvd_stroke_isch,356107,9023,0,continuous,gday,-0.0618754037180875,0.0780691865101983,0,0,1,14,0,0,1
397,102,drugs_alcohol,495,cvd_stroke_isch,356107,9023,0,continuous,gday,-0.105360515657826,0.0511915039444263,0,0,15,29,0,0,1
398,102,drugs_alcohol,495,cvd_stroke_isch,356107,9023,0,continuous,gday,0,0.0432549247908427,0,0,30,59,0,0,1
399,102,drugs_alcohol,495,cvd_stroke_isch,356107,9023,0,continuous,gday,0.0582689081239758,0.0434237627193539,0,0,60,90,0,0,1
400,102,drugs_alcohol,495,cvd_stroke_isch,356107,9023,0,continuous,gday,-0.105360515657826,0.0340641307715619,0,0,1.42857142857143,1.42857142857143,0,0,1
