seq,rei_id,risk_id,cause_id,acause,study_id,bundle_id,bundle_version_id,risk_type,risk_unit,ln_rr,ln_rr_se,ref_risk_lower,ref_risk_upper,alt_risk_lower,alt_risk_upper,cov_age
1,102,drugs_alcohol,450,neo_otherpharynx,296164,9023,0,continuous,gday,1.00795792039998,0.2340423809961,0,20,40,80,0
2,102,drugs_alcohol,450,neo_otherpharynx,296167,9023,0,continuous,gday,1.48160454092422,0.259839178825146,0,10,50,80,0
3,102,drugs_alcohol,450,neo_otherpharynx,296171,9023,0,continuous,gday,1.94591014905531,0.492323930537978,0,0,31.995,47.9925,0
4,102,drugs_alcohol,450,neo_otherpharynx,309653,9023,0,continuous,gday,1.24126858906963,0.440229009834174,0,0,30,45,0
5,102,drugs_alcohol,450,neo_otherpharynx,296171,9023,0,continuous,gday,1.16315080980568,0.508273001196481,0,0,1,31.995,0
6,102,drugs_alcohol,450,neo_otherpharynx,298505,9023,0,continuous,gday,-0.18536618698018,0.60988419244532,0,0,1.42857142857143,10,1
7,102,drugs_alcohol,450,neo_otherpharynx,296167,9023,0,continuous,gday,2.45958884180371,0.427034804482569,0,10,130,195,0
8,102,drugs_alcohol,450,neo_otherpharynx,296187,9023,0,continuous,gday,1.75440368268429,0.680831633100526,0,0,70,105,0
9,102,drugs_alcohol,450,neo_otherpharynx,296187,9023,0,continuous,gday,-0.59783700075562,0.75226031707843,0,0,28,56,0
10,102,drugs_alcohol,450,neo_otherpharynx,296164,9023,0,continuous,gday,0.364643113587909,0.266909813690401,0,20,20,40,0
11,102,drugs_alcohol,450,neo_otherpharynx,298505,9023,0,continuous,gday,0.418710334858185,0.557657703273873,0,0,11.4285714285714,40,1
12,102,drugs_alcohol,450,neo_otherpharynx,296165,9023,0,continuous,gday,0.683096844706444,0.221500385889743,0,0,19.6265,29.43975,0
13,102,drugs_alcohol,450,neo_otherpharynx,298505,9023,0,continuous,gday,0.233648183959295,0.703077133850455,0,0,41.4285714285714,62.1428571428571,1
14,102,drugs_alcohol,450,neo_otherpharynx,296165,9023,0,continuous,gday,0.438254930931155,0.392210309390054,0,0,1,19.6265,0
15,102,drugs_alcohol,450,neo_otherpharynx,296164,9023,0,continuous,gday,1.54756250871601,0.259287715026039,0,20,80,120,0
16,102,drugs_alcohol,450,neo_otherpharynx,296168,9023,0,continuous,gday,1.02961941718116,0.35364652069385,0,0,70,84,0
17,102,drugs_alcohol,450,neo_otherpharynx,309653,9023,0,continuous,gday,-0.328504066972036,0.582918567179372,0,0,15,29.9,0
18,102,drugs_alcohol,450,neo_otherpharynx,296181,9023,0,continuous,gday,-0.189829672284276,0.355435419134137,0,12,14,40,1
19,102,drugs_alcohol,450,neo_otherpharynx,296168,9023,0,continuous,gday,1.80828877117927,0.380744024075306,0,0,154,210,0
20,102,drugs_alcohol,450,neo_otherpharynx,296181,9023,0,continuous,gday,2.03384253036166,0.306668548263843,0,12,42,63,1
21,102,drugs_alcohol,450,neo_otherpharynx,296168,9023,0,continuous,gday,0.182321556793955,0.254726742375288,0,0,1,56,0
22,102,drugs_alcohol,450,neo_otherpharynx,309653,9023,0,continuous,gday,-0.150822889734584,0.531530497915434,0,0,1,4.9,0
23,102,drugs_alcohol,450,neo_otherpharynx,296167,9023,0,continuous,gday,0.470003629245736,0.0779034820283627,0,10,10,20,0
24,102,drugs_alcohol,450,neo_otherpharynx,296167,9023,0,continuous,gday,1.97408102602201,0.339470538256398,0,10,90,120,0
25,102,drugs_alcohol,450,neo_otherpharynx,296168,9023,0,continuous,gday,1.79175946922805,0.368594011578047,0,0,210,315,0
26,102,drugs_alcohol,450,neo_otherpharynx,296168,9023,0,continuous,gday,1.56861591791385,0.332375702086949,0,0,98,140,0
27,102,drugs_alcohol,450,neo_otherpharynx,309653,9023,0,continuous,gday,-0.116533816255952,0.521339906588839,0,0,5,14.9,0
28,102,drugs_alcohol,450,neo_otherpharynx,296167,9023,0,continuous,gday,0.993251773010283,0.170020136091271,0,10,30,40,0
29,102,drugs_alcohol,450,neo_otherpharynx,296187,9023,0,continuous,gday,0.182321556793955,0.695526309588982,0,0,1,14,0
30,102,drugs_alcohol,450,neo_otherpharynx,346060,9023,0,continuous,gday,-0.0512932943875506,0.391308765287234,0,0,1.71428571428571,22.2857142857143,0
31,102,drugs_alcohol,450,neo_otherpharynx,346060,9023,0,continuous,gday,0.048790164169432,0.408390523432562,0,0,24,46.2857142857143,0
32,102,drugs_alcohol,450,neo_otherpharynx,346060,9023,0,continuous,gday,0.647103242058538,0.426072517257716,0,0,48,72,0
33,102,drugs_alcohol,450,neo_otherpharynx,364113,9023,0,continuous,gday,0.418710334858185,0.0968085769655366,0.1,9,10,29,0
34,102,drugs_alcohol,450,neo_otherpharynx,364113,9023,0,continuous,gday,0.832909122935104,0.153258637864523,0.1,9,30,49,0
35,102,drugs_alcohol,450,neo_otherpharynx,364113,9023,0,continuous,gday,1.30019166206648,0.181682493757816,0.1,9,50,75,0
36,102,drugs_alcohol,450,neo_otherpharynx,439862,9023,0,continuous,gday,-0.083381608939051,0.210102058407495,0,18.5714285714286,20,38.5714285714286,1
37,102,drugs_alcohol,450,neo_otherpharynx,439862,9023,0,continuous,gday,0.2390169004705,0.192461149597893,0,18.5714285714286,40,60,1
38,102,drugs_alcohol,450,neo_otherpharynx,543357,9023,0,continuous,gday,0.22872792960811,0.0774306328831273,0,0,1,29,0
39,102,drugs_alcohol,450,neo_otherpharynx,543357,9023,0,continuous,gday,1.03956974803433,0.126888419243329,0,0,30,45,0
40,102,drugs_alcohol,450,neo_otherpharynx,543427,9023,0,continuous,gday,-0.510825623765991,0.260625318247954,0,0.36,0.48,24,1
41,102,drugs_alcohol,450,neo_otherpharynx,543427,9023,0,continuous,gday,0.343589704390077,0.24800285466036,0,0.36,24.12,59.88,1
42,102,drugs_alcohol,450,neo_otherpharynx,543427,9023,0,continuous,gday,1.28923264827676,0.253935727661449,0,0.36,60,95.88,1
43,102,drugs_alcohol,450,neo_otherpharynx,543427,9023,0,continuous,gday,1.81645208181843,0.267811766453744,0,0.36,96,143.88,1
44,102,drugs_alcohol,450,neo_otherpharynx,543427,9023,0,continuous,gday,2.77196352684586,0.273165215560233,0,0.36,144,216,1
45,102,drugs_alcohol,450,neo_otherpharynx,439809,9023,0,continuous,gday,0.99694863489161,0.301461019229239,0,0,1,30,1
46,102,drugs_alcohol,450,neo_otherpharynx,439809,9023,0,continuous,gday,2.15986879079245,0.280937603593774,0,0,21,80,1
47,102,drugs_alcohol,450,neo_otherpharynx,439809,9023,0,continuous,gday,3.30725293548561,0.318833484283682,0,0,80,120,1
48,102,drugs_alcohol,450,neo_otherpharynx,439731,9023,0,continuous,gday,0.641853886172395,0.403960108078732,0,0,1,13,0
49,102,drugs_alcohol,450,neo_otherpharynx,439731,9023,0,continuous,gday,1.39624469197306,0.396762998016066,0,0,14,42,0
50,102,drugs_alcohol,450,neo_otherpharynx,439731,9023,0,continuous,gday,2.06178660644112,0.350886878959274,0,0,43,64.5,0
51,102,drugs_alcohol,450,neo_otherpharynx,439731,9023,0,continuous,gday,1.89160480419777,0.603583022171243,0,0,1,13,0
52,102,drugs_alcohol,450,neo_otherpharynx,439731,9023,0,continuous,gday,2.67690347210537,0.592994926090089,0,0,14,42,0
53,102,drugs_alcohol,450,neo_otherpharynx,439731,9023,0,continuous,gday,3.01357219168232,0.56306521739147,0,0,43,64.5,0
54,102,drugs_alcohol,450,neo_otherpharynx,355486,9023,0,continuous,gday,0.246860077931526,0.260757804379635,0,10,20,30,0
55,102,drugs_alcohol,450,neo_otherpharynx,543699,9023,0,continuous,gday,0.470003629245736,0.199020040191218,0.122,10.98,12.2,35.38,0
56,102,drugs_alcohol,450,neo_otherpharynx,543699,9023,0,continuous,gday,1.16627093714192,0.35364652069385,0.122,10.98,36.6,59.78,0
57,102,drugs_alcohol,450,neo_otherpharynx,543699,9023,0,continuous,gday,2.03208784529637,0.514005872587313,0.122,10.98,61,91.5,0
58,102,drugs_alcohol,450,neo_otherpharynx,543699,9023,0,continuous,gday,0.378436435720245,0.103434976558205,0.122,10.98,12.2,35.38,0
59,102,drugs_alcohol,450,neo_otherpharynx,543699,9023,0,continuous,gday,0.647103242058538,0.186450895036427,0.122,10.98,36.6,59.78,0
60,102,drugs_alcohol,450,neo_otherpharynx,543699,9023,0,continuous,gday,1.03673688495002,0.222150091274846,0.122,10.98,61,91.5,0
61,102,drugs_alcohol,450,neo_otherpharynx,543699,9023,0,continuous,gday,0.300104592450338,0.605843304738181,0.122,10.98,12.2,35.38,0
62,102,drugs_alcohol,450,neo_otherpharynx,543699,9023,0,continuous,gday,1.78339121955754,0.843338571902508,0.122,10.98,36.6,59.78,0
63,102,drugs_alcohol,450,neo_otherpharynx,543699,9023,0,continuous,gday,2.97552956623647,1.22247721648937,0.122,10.98,61,91.5,0
64,102,drugs_alcohol,450,neo_otherpharynx,543699,9023,0,continuous,gday,0.482426149244293,0.361496433619042,0.122,10.98,12.2,35.38,0
65,102,drugs_alcohol,450,neo_otherpharynx,543699,9023,0,continuous,gday,1.20297230399235,0.45093416266556,0.122,10.98,36.6,59.78,0
66,102,drugs_alcohol,450,neo_otherpharynx,543699,9023,0,continuous,gday,1.95018670582257,0.507379472994644,0.122,10.98,61,91.5,0
67,102,drugs_alcohol,450,neo_otherpharynx,543726,9023,0,continuous,gday,0.0392207131532813,0.0271378580506561,0,0,1,10,1
68,102,drugs_alcohol,450,neo_otherpharynx,543726,9023,0,continuous,gday,0.46373401623214,0.0272153424970241,0,0,11,29,1
69,102,drugs_alcohol,450,neo_otherpharynx,543726,9023,0,continuous,gday,0.936093359170335,0.0329945189705323,0,0,30,49,1
70,102,drugs_alcohol,450,neo_otherpharynx,543726,9023,0,continuous,gday,1.66581824587021,0.0294210938718561,0,0,50,75,1
71,102,drugs_alcohol,450,neo_otherpharynx,542916,9023,0,continuous,gday,1.16164968367941,0.122139543308332,0,20,20,40,1
72,102,drugs_alcohol,450,neo_otherpharynx,542916,9023,0,continuous,gday,2.53921331607324,0.136401324675205,0,20,40,80,1
73,102,drugs_alcohol,450,neo_otherpharynx,542916,9023,0,continuous,gday,4.4675492999152,0.233369939809388,0,20,80,120,1
74,102,drugs_alcohol,450,neo_otherpharynx,543200,9023,0,continuous,gday,0.598836501088704,0.26971197666114,0,28,30,45,0
75,102,drugs_alcohol,450,neo_otherpharynx,502194,9023,0,continuous,gday,-0.105360515657826,0.322601384219993,0,28,30,45,1
76,102,drugs_alcohol,450,neo_otherpharynx,502194,9023,0,continuous,gday,0.797507195884188,0.30545761051732,0,28,30,45,1
77,102,drugs_alcohol,450,neo_otherpharynx,543684,9023,0,continuous,gday,0.207014169384326,0.20446816767391,0,0,14,28,1
78,102,drugs_alcohol,450,neo_otherpharynx,543684,9023,0,continuous,gday,1.0681530811834,0.211550855837889,0,0,42,63,1
